report_date,killed,location,conflict
2023-10-07,232.0,Gaza,Israel-Palestine
2023-10-08,138.0,Gaza,Israel-Palestine
2023-10-09,190.0,Gaza,Israel-Palestine
2023-10-10,340.0,Gaza,Israel-Palestine
2023-10-11,200.0,Gaza,Israel-Palestine
2023-10-12,317.0,Gaza,Israel-Palestine
2023-10-13,483.0,Gaza,Israel-Palestine
2023-10-14,328.0,Gaza,Israel-Palestine
2023-10-15,442.0,Gaza,Israel-Palestine
2023-10-16,138.0,Gaza,Israel-Palestine
2023-10-17,192.0,Gaza,Israel-Palestine
2023-10-18,478.0,Gaza,Israel-Palestine
2023-10-19,307.0,Gaza,Israel-Palestine
2023-10-20,352.0,Gaza,Israel-Palestine
2023-10-21,248.0,Gaza,Israel-Palestine
2023-10-22,266.0,Gaza,Israel-Palestine
2023-10-23,436.0,Gaza,Israel-Palestine
2023-10-24,704.0,Gaza,Israel-Palestine
2023-10-25,756.0,Gaza,Israel-Palestine
2023-10-26,481.0,Gaza,Israel-Palestine
2023-10-27,298.0,Gaza,Israel-Palestine
2023-10-28,377.0,Gaza,Israel-Palestine
2023-10-29,302.0,Gaza,Israel-Palestine
2023-10-30,304.0,Gaza,Israel-Palestine
2023-10-31,216.0,Gaza,Israel-Palestine
2023-11-01,280.0,Gaza,Israel-Palestine
2023-11-02,256.0,Gaza,Israel-Palestine
2023-11-03,196.0,Gaza,Israel-Palestine
2023-11-04,228.0,Gaza,Israel-Palestine
2023-11-05,285.0,Gaza,Israel-Palestine
2023-11-06,252.0,Gaza,Israel-Palestine
2023-11-07,306.0,Gaza,Israel-Palestine
2023-11-08,241.0,Gaza,Israel-Palestine
2023-11-09,249.0,Gaza,Israel-Palestine
2023-11-10,260.0,Gaza,Israel-Palestine
2023-11-13,60.0,Gaza,Israel-Palestine
2023-11-14,80.0,Gaza,Israel-Palestine
2023-11-15,180.0,Gaza,Israel-Palestine
2023-11-18,300.0,Gaza,Israel-Palestine
2023-11-19,700.0,Gaza,Israel-Palestine
2023-11-20,300.0,Gaza,Israel-Palestine
2023-11-21,828.0,Gaza,Israel-Palestine
2023-11-22,404.0,Gaza,Israel-Palestine
2023-11-23,268.0,Gaza,Israel-Palestine
2023-11-24,0.0,Gaza,Israel-Palestine
2023-11-25,0.0,Gaza,Israel-Palestine
2023-11-26,0.0,Gaza,Israel-Palestine
2023-11-27,0.0,Gaza,Israel-Palestine
2023-11-28,0.0,Gaza,Israel-Palestine
2023-11-29,0.0,Gaza,Israel-Palestine
2023-11-30,0.0,Gaza,Israel-Palestine
2023-12-01,0.0,Gaza,Israel-Palestine
2023-12-02,407.0,Gaza,Israel-Palestine
2023-12-03,316.0,Gaza,Israel-Palestine
2023-12-04,376.0,Gaza,Israel-Palestine
2023-12-05,725.0,Gaza,Israel-Palestine
2023-12-07,350.0,Gaza,Israel-Palestine
2023-12-08,313.0,Gaza,Israel-Palestine
2023-12-09,210.0,Gaza,Israel-Palestine
2023-12-10,297.0,Gaza,Israel-Palestine
2023-12-11,208.0,Gaza,Israel-Palestine
2023-12-12,207.0,Gaza,Israel-Palestine
2023-12-13,196.0,Gaza,Israel-Palestine
2023-12-14,179.0,Gaza,Israel-Palestine
2023-12-15,13.0,Gaza,Israel-Palestine
2023-12-18,151.0,Gaza,Israel-Palestine
2023-12-19,214.0,Gaza,Israel-Palestine
2023-12-22,390.0,Gaza,Israel-Palestine
2023-12-23,201.0,Gaza,Israel-Palestine
2023-12-24,166.0,Gaza,Israel-Palestine
2023-12-25,250.0,Gaza,Israel-Palestine
2023-12-26,241.0,Gaza,Israel-Palestine
2023-12-27,195.0,Gaza,Israel-Palestine
2023-12-28,210.0,Gaza,Israel-Palestine
2023-12-29,187.0,Gaza,Israel-Palestine
2023-12-30,165.0,Gaza,Israel-Palestine
2023-12-31,150.0,Gaza,Israel-Palestine
2024-01-01,156.0,Gaza,Israel-Palestine
2024-01-02,207.0,Gaza,Israel-Palestine
2024-01-03,128.0,Gaza,Israel-Palestine
2024-01-04,125.0,Gaza,Israel-Palestine
2024-01-05,162.0,Gaza,Israel-Palestine
2024-01-06,122.0,Gaza,Israel-Palestine
2024-01-07,113.0,Gaza,Israel-Palestine
2024-01-08,249.0,Gaza,Israel-Palestine
2024-01-09,126.0,Gaza,Israel-Palestine
2024-01-10,147.0,Gaza,Israel-Palestine
2024-01-11,112.0,Gaza,Israel-Palestine
2024-01-12,151.0,Gaza,Israel-Palestine
2024-01-13,135.0,Gaza,Israel-Palestine
2024-01-14,125.0,Gaza,Israel-Palestine
2024-01-15,132.0,Gaza,Israel-Palestine
2024-01-16,158.0,Gaza,Israel-Palestine
2024-01-17,163.0,Gaza,Israel-Palestine
2024-01-18,172.0,Gaza,Israel-Palestine
2024-01-19,142.0,Gaza,Israel-Palestine
2024-01-20,165.0,Gaza,Israel-Palestine
2024-01-21,178.0,Gaza,Israel-Palestine
2024-01-22,190.0,Gaza,Israel-Palestine
2024-01-23,195.0,Gaza,Israel-Palestine
2024-01-24,210.0,Gaza,Israel-Palestine
2024-01-25,200.0,Gaza,Israel-Palestine
2024-01-26,183.0,Gaza,Israel-Palestine
2024-01-27,174.0,Gaza,Israel-Palestine
2024-01-28,165.0,Gaza,Israel-Palestine
2024-01-29,215.0,Gaza,Israel-Palestine
2024-01-30,114.0,Gaza,Israel-Palestine
2024-01-31,149.0,Gaza,Israel-Palestine
2024-02-01,119.0,Gaza,Israel-Palestine
2024-02-02,112.0,Gaza,Israel-Palestine
2024-02-03,107.0,Gaza,Israel-Palestine
2024-02-04,127.0,Gaza,Israel-Palestine
2024-02-05,113.0,Gaza,Israel-Palestine
2024-02-06,107.0,Gaza,Israel-Palestine
2024-02-07,123.0,Gaza,Israel-Palestine
2024-02-08,132.0,Gaza,Israel-Palestine
2024-02-09,107.0,Gaza,Israel-Palestine
2024-02-10,117.0,Gaza,Israel-Palestine
2024-02-11,112.0,Gaza,Israel-Palestine
2024-02-12,164.0,Gaza,Israel-Palestine
2024-02-13,133.0,Gaza,Israel-Palestine
2024-02-14,103.0,Gaza,Israel-Palestine
2024-02-15,87.0,Gaza,Israel-Palestine
2024-02-16,112.0,Gaza,Israel-Palestine
2024-02-17,83.0,Gaza,Israel-Palestine
2024-02-18,127.0,Gaza,Israel-Palestine
2024-02-19,107.0,Gaza,Israel-Palestine
2024-02-20,103.0,Gaza,Israel-Palestine
2024-02-21,118.0,Gaza,Israel-Palestine
2024-02-22,97.0,Gaza,Israel-Palestine
2024-02-23,104.0,Gaza,Israel-Palestine
2024-02-24,92.0,Gaza,Israel-Palestine
2024-02-25,86.0,Gaza,Israel-Palestine
2024-02-26,90.0,Gaza,Israel-Palestine
2024-02-27,96.0,Gaza,Israel-Palestine
2024-02-28,76.0,Gaza,Israel-Palestine
2024-02-29,81.0,Gaza,Israel-Palestine
2024-03-01,193.0,Gaza,Israel-Palestine
2024-03-02,92.0,Gaza,Israel-Palestine
2024-03-03,90.0,Gaza,Israel-Palestine
2024-03-04,124.0,Gaza,Israel-Palestine
2024-03-05,97.0,Gaza,Israel-Palestine
2024-03-06,86.0,Gaza,Israel-Palestine
2024-03-07,83.0,Gaza,Israel-Palestine
2024-03-08,78.0,Gaza,Israel-Palestine
2024-03-09,82.0,Gaza,Israel-Palestine
2024-03-10,85.0,Gaza,Israel-Palestine
2024-03-11,67.0,Gaza,Israel-Palestine
2024-03-12,72.0,Gaza,Israel-Palestine
2024-03-13,88.0,Gaza,Israel-Palestine
2024-03-14,69.0,Gaza,Israel-Palestine
2024-03-15,149.0,Gaza,Israel-Palestine
2024-03-16,63.0,Gaza,Israel-Palestine
2024-03-17,92.0,Gaza,Israel-Palestine
2024-03-18,81.0,Gaza,Israel-Palestine
2024-03-19,93.0,Gaza,Israel-Palestine
2024-03-20,104.0,Gaza,Israel-Palestine
2024-03-21,65.0,Gaza,Israel-Palestine
2024-03-22,82.0,Gaza,Israel-Palestine
2024-03-23,72.0,Gaza,Israel-Palestine
2024-03-24,84.0,Gaza,Israel-Palestine
2024-03-25,107.0,Gaza,Israel-Palestine
2024-03-26,81.0,Gaza,Israel-Palestine
2024-03-27,76.0,Gaza,Israel-Palestine
2024-03-28,62.0,Gaza,Israel-Palestine
2024-03-29,71.0,Gaza,Israel-Palestine
2024-03-30,82.0,Gaza,Israel-Palestine
2024-03-31,77.0,Gaza,Israel-Palestine
2024-04-01,63.0,Gaza,Israel-Palestine
2024-04-02,71.0,Gaza,Israel-Palestine
2024-04-03,59.0,Gaza,Israel-Palestine
2024-04-04,62.0,Gaza,Israel-Palestine
2024-04-05,54.0,Gaza,Israel-Palestine
2024-04-06,46.0,Gaza,Israel-Palestine
2024-04-07,38.0,Gaza,Israel-Palestine
2024-04-08,32.0,Gaza,Israel-Palestine
2024-04-09,153.0,Gaza,Israel-Palestine
2024-04-10,122.0,Gaza,Israel-Palestine
2024-04-11,63.0,Gaza,Israel-Palestine
2024-04-12,89.0,Gaza,Israel-Palestine
2024-04-13,52.0,Gaza,Israel-Palestine
2024-04-14,43.0,Gaza,Israel-Palestine
2024-04-15,68.0,Gaza,Israel-Palestine
2024-04-16,46.0,Gaza,Israel-Palestine
2024-04-17,56.0,Gaza,Israel-Palestine
2024-04-18,71.0,Gaza,Israel-Palestine
2024-04-19,42.0,Gaza,Israel-Palestine
2024-04-20,37.0,Gaza,Israel-Palestine
2024-04-21,48.0,Gaza,Israel-Palestine
2024-04-22,54.0,Gaza,Israel-Palestine
2024-04-23,32.0,Gaza,Israel-Palestine
2024-04-24,79.0,Gaza,Israel-Palestine
2024-04-25,43.0,Gaza,Israel-Palestine
2024-04-26,51.0,Gaza,Israel-Palestine
2024-04-27,32.0,Gaza,Israel-Palestine
2024-04-28,66.0,Gaza,Israel-Palestine
2024-04-29,34.0,Gaza,Israel-Palestine
2024-04-30,47.0,Gaza,Israel-Palestine
2024-05-01,33.0,Gaza,Israel-Palestine
2024-05-02,28.0,Gaza,Israel-Palestine
2024-05-03,26.0,Gaza,Israel-Palestine
2024-05-04,32.0,Gaza,Israel-Palestine
2024-05-05,29.0,Gaza,Israel-Palestine
2024-05-06,52.0,Gaza,Israel-Palestine
2024-05-07,54.0,Gaza,Israel-Palestine
2024-05-08,55.0,Gaza,Israel-Palestine
2024-05-09,60.0,Gaza,Israel-Palestine
2024-05-10,39.0,Gaza,Israel-Palestine
2024-05-11,28.0,Gaza,Israel-Palestine
2024-05-12,63.0,Gaza,Israel-Palestine
2024-05-13,57.0,Gaza,Israel-Palestine
2024-05-14,82.0,Gaza,Israel-Palestine
2024-05-15,60.0,Gaza,Israel-Palestine
2024-05-16,39.0,Gaza,Israel-Palestine
2024-05-17,31.0,Gaza,Israel-Palestine
2024-05-18,83.0,Gaza,Israel-Palestine
2024-05-19,70.0,Gaza,Israel-Palestine
2024-05-20,106.0,Gaza,Israel-Palestine
2024-05-21,85.0,Gaza,Israel-Palestine
2024-05-22,62.0,Gaza,Israel-Palestine
2024-05-23,91.0,Gaza,Israel-Palestine
2024-05-24,57.0,Gaza,Israel-Palestine
2024-05-25,46.0,Gaza,Israel-Palestine
2024-05-26,81.0,Gaza,Israel-Palestine
2024-05-27,66.0,Gaza,Israel-Palestine
2024-05-28,46.0,Gaza,Israel-Palestine
2024-05-29,75.0,Gaza,Israel-Palestine
2024-05-30,53.0,Gaza,Israel-Palestine
2024-05-31,60.0,Gaza,Israel-Palestine
2024-06-01,95.0,Gaza,Israel-Palestine
2024-06-02,60.0,Gaza,Israel-Palestine
2024-06-03,40.0,Gaza,Israel-Palestine
2024-06-04,71.0,Gaza,Israel-Palestine
2024-06-05,36.0,Gaza,Israel-Palestine
2024-06-06,68.0,Gaza,Israel-Palestine
2024-06-07,77.0,Gaza,Israel-Palestine
2024-06-08,70.0,Gaza,Israel-Palestine
2024-06-09,283.0,Gaza,Israel-Palestine
2024-06-10,40.0,Gaza,Israel-Palestine
2024-06-11,40.0,Gaza,Israel-Palestine
2024-06-12,38.0,Gaza,Israel-Palestine
2024-06-13,30.0,Gaza,Israel-Palestine
2024-06-14,34.0,Gaza,Israel-Palestine
2024-06-15,30.0,Gaza,Israel-Palestine
2024-06-16,41.0,Gaza,Israel-Palestine
2024-06-17,10.0,Gaza,Israel-Palestine
2024-06-18,25.0,Gaza,Israel-Palestine
2024-06-19,24.0,Gaza,Israel-Palestine
2024-06-20,35.0,Gaza,Israel-Palestine
2024-06-21,19.0,Gaza,Israel-Palestine
2024-06-22,101.0,Gaza,Israel-Palestine
2024-06-23,47.0,Gaza,Israel-Palestine
2024-06-24,28.0,Gaza,Israel-Palestine
2024-06-25,32.0,Gaza,Israel-Palestine
2024-06-26,60.0,Gaza,Israel-Palestine
2024-06-27,47.0,Gaza,Israel-Palestine
2024-06-28,29.0,Gaza,Israel-Palestine
2024-06-29,40.0,Gaza,Israel-Palestine
2024-06-30,43.0,Gaza,Israel-Palestine
2024-07-01,23.0,Gaza,Israel-Palestine
2024-07-02,25.0,Gaza,Israel-Palestine
2024-07-03,28.0,Gaza,Israel-Palestine
2024-07-04,58.0,Gaza,Israel-Palestine
2024-07-05,58.0,Gaza,Israel-Palestine
2024-07-06,29.0,Gaza,Israel-Palestine
2024-07-07,55.0,Gaza,Israel-Palestine
2024-07-08,40.0,Gaza,Israel-Palestine
2024-07-09,50.0,Gaza,Israel-Palestine
2024-07-10,52.0,Gaza,Israel-Palestine
2024-07-11,50.0,Gaza,Israel-Palestine
2024-07-12,37.0,Gaza,Israel-Palestine
2024-07-13,61.0,Gaza,Israel-Palestine
2024-07-14,141.0,Gaza,Israel-Palestine
2024-07-15,80.0,Gaza,Israel-Palestine
2024-07-16,49.0,Gaza,Israel-Palestine
2024-07-17,81.0,Gaza,Israel-Palestine
2024-07-18,54.0,Gaza,Israel-Palestine
2024-07-19,34.0,Gaza,Israel-Palestine
2024-07-20,37.0,Gaza,Israel-Palestine
2024-07-21,64.0,Gaza,Israel-Palestine
2024-07-22,23.0,Gaza,Israel-Palestine
2024-07-23,84.0,Gaza,Israel-Palestine
2024-07-24,55.0,Gaza,Israel-Palestine
2024-07-25,30.0,Gaza,Israel-Palestine
2024-07-26,42.0,Gaza,Israel-Palestine
2024-07-27,41.0,Gaza,Israel-Palestine
2024-07-28,66.0,Gaza,Israel-Palestine
2024-07-29,39.0,Gaza,Israel-Palestine
2024-07-30,37.0,Gaza,Israel-Palestine
2024-07-31,45.0,Gaza,Israel-Palestine
2024-08-01,35.0,Gaza,Israel-Palestine
2024-08-02,39.0,Gaza,Israel-Palestine
2024-08-03,31.0,Gaza,Israel-Palestine
2024-08-04,33.0,Gaza,Israel-Palestine
2024-08-05,40.0,Gaza,Israel-Palestine
2024-08-06,30.0,Gaza,Israel-Palestine
2024-08-07,24.0,Gaza,Israel-Palestine
2024-08-08,22.0,Gaza,Israel-Palestine
2024-08-09,51.0,Gaza,Israel-Palestine
2024-08-10,40.0,Gaza,Israel-Palestine
2024-08-11,0.0,Gaza,Israel-Palestine
2024-08-12,107.0,Gaza,Israel-Palestine
2024-08-13,32.0,Gaza,Israel-Palestine
2024-08-14,36.0,Gaza,Israel-Palestine
2024-08-15,40.0,Gaza,Israel-Palestine
2024-08-16,0.0,Gaza,Israel-Palestine
2024-08-17,69.0,Gaza,Israel-Palestine
2024-08-18,25.0,Gaza,Israel-Palestine
2024-08-19,40.0,Gaza,Israel-Palestine
2024-08-20,34.0,Gaza,Israel-Palestine
2024-08-21,50.0,Gaza,Israel-Palestine
2024-08-22,42.0,Gaza,Israel-Palestine
2024-08-23,0.0,Gaza,Israel-Palestine
2024-08-24,69.0,Gaza,Israel-Palestine
2024-08-25,71.0,Gaza,Israel-Palestine
2024-08-26,30.0,Gaza,Israel-Palestine
2024-08-27,41.0,Gaza,Israel-Palestine
2024-08-28,58.0,Gaza,Israel-Palestine
2024-08-29,68.0,Gaza,Israel-Palestine
2024-08-30,0.0,Gaza,Israel-Palestine
2024-08-31,89.0,Gaza,Israel-Palestine
2024-09-01,47.0,Gaza,Israel-Palestine
2024-09-02,48.0,Gaza,Israel-Palestine
2024-09-03,33.0,Gaza,Israel-Palestine
2024-09-04,42.0,Gaza,Israel-Palestine
2024-09-05,17.0,Gaza,Israel-Palestine
2024-09-06,0.0,Gaza,Israel-Palestine
2024-09-07,61.0,Gaza,Israel-Palestine
2024-09-08,33.0,Gaza,Israel-Palestine
2024-09-09,16.0,Gaza,Israel-Palestine
2024-09-10,32.0,Gaza,Israel-Palestine
2024-09-11,64.0,Gaza,Israel-Palestine
2024-09-12,34.0,Gaza,Israel-Palestine
2024-09-13,0.0,Gaza,Israel-Palestine
2024-09-14,64.0,Gaza,Israel-Palestine
2024-09-15,24.0,Gaza,Israel-Palestine
2024-09-16,20.0,Gaza,Israel-Palestine
2024-09-17,26.0,Gaza,Israel-Palestine
2024-09-18,20.0,Gaza,Israel-Palestine
2024-09-19,0.0,Gaza,Israel-Palestine
2024-09-20,0.0,Gaza,Israel-Palestine
2024-09-21,119.0,Gaza,Israel-Palestine
2024-09-22,40.0,Gaza,Israel-Palestine
2024-09-23,24.0,Gaza,Israel-Palestine
2024-09-24,12.0,Gaza,Israel-Palestine
2024-09-25,28.0,Gaza,Israel-Palestine
2024-09-26,39.0,Gaza,Israel-Palestine
2024-09-27,0.0,Gaza,Israel-Palestine
2024-09-28,52.0,Gaza,Israel-Palestine
2024-09-29,9.0,Gaza,Israel-Palestine
2024-09-30,20.0,Gaza,Israel-Palestine
2024-10-01,23.0,Gaza,Israel-Palestine
2024-10-02,51.0,Gaza,Israel-Palestine
2024-10-03,99.0,Gaza,Israel-Palestine
2024-10-04,14.0,Gaza,Israel-Palestine
2024-10-05,23.0,Gaza,Israel-Palestine
2024-10-06,45.0,Gaza,Israel-Palestine
2024-10-07,39.0,Gaza,Israel-Palestine
2024-10-08,56.0,Gaza,Israel-Palestine
2024-10-09,45.0,Gaza,Israel-Palestine
2024-10-10,55.0,Gaza,Israel-Palestine
2024-10-11,61.0,Gaza,Israel-Palestine
2024-10-12,49.0,Gaza,Israel-Palestine
2024-10-13,52.0,Gaza,Israel-Palestine
2024-10-14,62.0,Gaza,Israel-Palestine
2024-10-15,55.0,Gaza,Israel-Palestine
2024-10-16,65.0,Gaza,Israel-Palestine
2024-10-17,29.0,Gaza,Israel-Palestine
2024-10-18,62.0,Gaza,Israel-Palestine
2024-10-19,19.0,Gaza,Israel-Palestine
2024-10-20,84.0,Gaza,Israel-Palestine
2024-10-21,0.0,Gaza,Israel-Palestine
2024-10-22,115.0,Gaza,Israel-Palestine
2024-10-23,74.0,Gaza,Israel-Palestine
2024-10-24,55.0,Gaza,Israel-Palestine
2024-10-25,0.0,Gaza,Israel-Palestine
2024-10-26,77.0,Gaza,Israel-Palestine
2024-10-27,0.0,Gaza,Israel-Palestine
2024-10-28,96.0,Gaza,Israel-Palestine
2024-10-29,41.0,Gaza,Israel-Palestine
2024-10-30,102.0,Gaza,Israel-Palestine
2024-10-31,41.0,Gaza,Israel-Palestine
2024-11-01,55.0,Gaza,Israel-Palestine
2024-11-02,55.0,Gaza,Israel-Palestine
2024-11-03,27.0,Gaza,Israel-Palestine
2024-11-04,33.0,Gaza,Israel-Palestine
2024-11-05,17.0,Gaza,Israel-Palestine
2024-11-06,0.0,Gaza,Israel-Palestine
2024-11-07,78.0,Gaza,Israel-Palestine
2024-11-08,39.0,Gaza,Israel-Palestine
2024-11-09,44.0,Gaza,Israel-Palestine
2024-11-10,51.0,Gaza,Israel-Palestine
2024-11-11,0.0,Gaza,Israel-Palestine
2024-11-12,62.0,Gaza,Israel-Palestine
2024-11-13,47.0,Gaza,Israel-Palestine
2024-11-14,24.0,Gaza,Israel-Palestine
2024-11-15,28.0,Gaza,Israel-Palestine
2024-11-16,35.0,Gaza,Israel-Palestine
2024-11-17,47.0,Gaza,Israel-Palestine
2024-11-18,76.0,Gaza,Israel-Palestine
2024-11-19,50.0,Gaza,Israel-Palestine
2024-11-20,13.0,Gaza,Israel-Palestine
2024-11-21,71.0,Gaza,Israel-Palestine
2024-11-22,0.0,Gaza,Israel-Palestine
2024-11-23,120.0,Gaza,Israel-Palestine
2024-11-24,35.0,Gaza,Israel-Palestine
2024-11-25,24.0,Gaza,Israel-Palestine
2024-11-26,14.0,Gaza,Israel-Palestine
2024-11-27,33.0,Gaza,Israel-Palestine
2024-11-28,48.0,Gaza,Israel-Palestine
2024-11-29,33.0,Gaza,Israel-Palestine
2024-11-30,19.0,Gaza,Israel-Palestine
2024-12-01,47.0,Gaza,Israel-Palestine
2024-12-02,37.0,Gaza,Israel-Palestine
2024-12-03,36.0,Gaza,Israel-Palestine
2024-12-04,30.0,Gaza,Israel-Palestine
2024-12-05,48.0,Gaza,Israel-Palestine
2024-12-06,32.0,Gaza,Israel-Palestine
2024-12-07,52.0,Gaza,Israel-Palestine
2024-12-08,44.0,Gaza,Israel-Palestine
2024-12-09,50.0,Gaza,Israel-Palestine
2024-12-10,28.0,Gaza,Israel-Palestine
2024-12-11,19.0,Gaza,Israel-Palestine
2024-12-12,30.0,Gaza,Israel-Palestine
2024-12-13,40.0,Gaza,Israel-Palestine
2024-12-14,55.0,Gaza,Israel-Palestine
2024-12-15,46.0,Gaza,Israel-Palestine
2024-12-16,52.0,Gaza,Israel-Palestine
2024-12-17,31.0,Gaza,Israel-Palestine
2024-12-18,38.0,Gaza,Israel-Palestine
2024-12-19,32.0,Gaza,Israel-Palestine
2024-12-20,77.0,Gaza,Israel-Palestine
2024-12-21,21.0,Gaza,Israel-Palestine
2024-12-22,32.0,Gaza,Israel-Palestine
2024-12-23,58.0,Gaza,Israel-Palestine
2024-12-24,21.0,Gaza,Israel-Palestine
2024-12-25,23.0,Gaza,Israel-Palestine
2024-12-26,38.0,Gaza,Israel-Palestine
2024-12-27,37.0,Gaza,Israel-Palestine
2024-12-28,48.0,Gaza,Israel-Palestine
2024-12-29,30.0,Gaza,Israel-Palestine
2024-12-30,27.0,Gaza,Israel-Palestine
2024-12-31,0.0,Gaza,Israel-Palestine
2025-01-01,12.0,Gaza,Israel-Palestine
2025-01-02,28.0,Gaza,Israel-Palestine
2025-01-03,77.0,Gaza,Israel-Palestine
2025-01-04,59.0,Gaza,Israel-Palestine
2025-01-05,88.0,Gaza,Israel-Palestine
2025-01-06,49.0,Gaza,Israel-Palestine
2025-01-07,31.0,Gaza,Israel-Palestine
2025-01-08,51.0,Gaza,Israel-Palestine
2025-01-09,70.0,Gaza,Israel-Palestine
2025-01-10,0.0,Gaza,Israel-Palestine
2025-01-11,531.0,Gaza,Israel-Palestine
2025-01-12,28.0,Gaza,Israel-Palestine
2025-01-13,19.0,Gaza,Israel-Palestine
2025-01-14,61.0,Gaza,Israel-Palestine
2025-01-15,62.0,Gaza,Israel-Palestine
2025-01-16,81.0,Gaza,Israel-Palestine
2025-01-17,88.0,Gaza,Israel-Palestine
2025-01-18,23.0,Gaza,Israel-Palestine
2025-01-19,14.0,Gaza,Israel-Palestine
2025-01-20,122.0,Gaza,Israel-Palestine
2025-01-21,72.0,Gaza,Israel-Palestine
2025-01-22,54.0,Gaza,Israel-Palestine
2025-01-23,122.0,Gaza,Israel-Palestine
2025-01-24,0.0,Gaza,Israel-Palestine
2025-01-25,0.0,Gaza,Israel-Palestine
2025-01-26,23.0,Gaza,Israel-Palestine
2025-01-27,11.0,Gaza,Israel-Palestine
2025-01-28,37.0,Gaza,Israel-Palestine
2025-01-29,63.0,Gaza,Israel-Palestine
2025-01-30,43.0,Gaza,Israel-Palestine
2025-01-31,0.0,Gaza,Israel-Palestine
2025-02-01,27.0,Gaza,Israel-Palestine
2025-02-02,11.0,Gaza,Israel-Palestine
2025-02-03,20.0,Gaza,Israel-Palestine
2025-02-04,22.0,Gaza,Israel-Palestine
2025-02-05,12.0,Gaza,Israel-Palestine
2025-02-06,31.0,Gaza,Israel-Palestine
2025-02-07,0.0,Gaza,Israel-Palestine
2025-02-08,598.0,Gaza,Israel-Palestine
2025-02-09,8.0,Gaza,Israel-Palestine
2025-02-10,19.0,Gaza,Israel-Palestine
2025-02-11,11.0,Gaza,Israel-Palestine
2025-02-12,3.0,Gaza,Israel-Palestine
2025-02-13,17.0,Gaza,Israel-Palestine
2025-02-14,0.0,Gaza,Israel-Palestine
2025-02-15,25.0,Gaza,Israel-Palestine
2025-02-16,7.0,Gaza,Israel-Palestine
2025-02-17,13.0,Gaza,Israel-Palestine
2025-02-18,7.0,Gaza,Israel-Palestine
2025-02-19,6.0,Gaza,Israel-Palestine
2025-02-20,22.0,Gaza,Israel-Palestine
2025-02-21,0.0,Gaza,Israel-Palestine
2025-02-22,10.0,Gaza,Israel-Palestine
2025-02-23,10.0,Gaza,Israel-Palestine
2025-02-24,7.0,Gaza,Israel-Palestine
2025-02-25,2.0,Gaza,Israel-Palestine
2025-02-26,0.0,Gaza,Israel-Palestine
2025-02-27,17.0,Gaza,Israel-Palestine
2025-02-28,0.0,Gaza,Israel-Palestine
2025-03-01,23.0,Gaza,Israel-Palestine
2025-03-02,0.0,Gaza,Israel-Palestine
2025-03-03,9.0,Gaza,Israel-Palestine
2025-03-04,8.0,Gaza,Israel-Palestine
2025-03-05,35.0,Gaza,Israel-Palestine
2025-03-06,6.0,Gaza,Israel-Palestine
2025-03-07,0.0,Gaza,Israel-Palestine
2025-03-08,7.0,Gaza,Israel-Palestine
2025-03-09,5.0,Gaza,Israel-Palestine
2025-03-10,9.0,Gaza,Israel-Palestine
2025-03-11,36.0,Gaza,Israel-Palestine
2025-03-12,12.0,Gaza,Israel-Palestine
2025-03-13,9.0,Gaza,Israel-Palestine
2025-03-14,0.0,Gaza,Israel-Palestine
2025-03-15,19.0,Gaza,Israel-Palestine
2025-03-16,29.0,Gaza,Israel-Palestine
2025-03-17,5.0,Gaza,Israel-Palestine
2025-03-18,436.0,Gaza,Israel-Palestine
2025-03-19,604.0,Gaza,Israel-Palestine
2025-03-20,85.0,Gaza,Israel-Palestine
2025-03-21,0.0,Gaza,Israel-Palestine
2025-03-22,45.0,Gaza,Israel-Palestine
2025-03-23,274.0,Gaza,Israel-Palestine
2025-03-24,61.0,Gaza,Israel-Palestine
2025-03-25,62.0,Gaza,Israel-Palestine
2025-03-26,39.0,Gaza,Israel-Palestine
2025-03-27,25.0,Gaza,Israel-Palestine
2025-03-28,43.0,Gaza,Israel-Palestine
2025-03-29,26.0,Gaza,Israel-Palestine
2025-03-30,53.0,Gaza,Israel-Palestine
2025-03-31,27.0,Gaza,Israel-Palestine
2025-04-01,42.0,Gaza,Israel-Palestine
2025-04-02,24.0,Gaza,Israel-Palestine
2025-04-03,100.0,Gaza,Israel-Palestine
2025-04-04,86.0,Gaza,Israel-Palestine
2025-04-05,60.0,Gaza,Israel-Palestine
2025-04-06,26.0,Gaza,Israel-Palestine
2025-04-07,57.0,Gaza,Israel-Palestine
2025-04-08,58.0,Gaza,Israel-Palestine
2025-04-09,36.0,Gaza,Israel-Palestine
2025-04-10,40.0,Gaza,Israel-Palestine
2025-04-11,26.0,Gaza,Israel-Palestine
2025-04-12,21.0,Gaza,Israel-Palestine
2025-04-13,11.0,Gaza,Israel-Palestine
2025-04-14,39.0,Gaza,Israel-Palestine
2025-04-15,17.0,Gaza,Israel-Palestine
2025-04-16,25.0,Gaza,Israel-Palestine
2025-04-17,40.0,Gaza,Israel-Palestine
2025-04-18,0.0,Gaza,Israel-Palestine
2025-04-19,92.0,Gaza,Israel-Palestine
2025-04-20,44.0,Gaza,Israel-Palestine
2025-04-21,39.0,Gaza,Israel-Palestine
2025-04-22,26.0,Gaza,Israel-Palestine
2025-04-23,39.0,Gaza,Israel-Palestine
2025-04-24,50.0,Gaza,Israel-Palestine
2025-04-25,84.0,Gaza,Israel-Palestine
2025-04-26,56.0,Gaza,Israel-Palestine
2025-04-27,748.0,Gaza,Israel-Palestine
2025-04-28,71.0,Gaza,Israel-Palestine
2025-04-29,51.0,Gaza,Israel-Palestine
2025-04-30,35.0,Gaza,Israel-Palestine
2025-05-01,18.0,Gaza,Israel-Palestine
2025-05-02,0.0,Gaza,Israel-Palestine
2025-05-03,77.0,Gaza,Israel-Palestine
2025-05-04,40.0,Gaza,Israel-Palestine
2025-05-05,32.0,Gaza,Israel-Palestine
2025-05-06,48.0,Gaza,Israel-Palestine
2025-05-07,38.0,Gaza,Israel-Palestine
2025-05-08,107.0,Gaza,Israel-Palestine
2025-05-09,27.0,Gaza,Israel-Palestine
2025-05-10,23.0,Gaza,Israel-Palestine
2025-05-11,19.0,Gaza,Israel-Palestine
2025-05-12,33.0,Gaza,Israel-Palestine
2025-05-13,46.0,Gaza,Israel-Palestine
2025-05-14,20.0,Gaza,Israel-Palestine
2025-05-15,82.0,Gaza,Israel-Palestine
2025-05-16,109.0,Gaza,Israel-Palestine
2025-05-17,153.0,Gaza,Israel-Palestine
2025-05-18,67.0,Gaza,Israel-Palestine
2025-05-19,136.0,Gaza,Israel-Palestine
2025-05-20,98.0,Gaza,Israel-Palestine
2025-05-21,82.0,Gaza,Israel-Palestine
2025-05-22,107.0,Gaza,Israel-Palestine
2025-05-23,60.0,Gaza,Israel-Palestine
2025-05-24,79.0,Gaza,Israel-Palestine
2025-05-25,38.0,Gaza,Israel-Palestine
2025-05-26,38.0,Gaza,Israel-Palestine
2025-05-27,79.0,Gaza,Israel-Palestine
2025-05-28,28.0,Gaza,Israel-Palestine
2025-05-29,165.0,Gaza,Israel-Palestine
2025-05-30,72.0,Gaza,Israel-Palestine
2025-05-31,60.0,Gaza,Israel-Palestine
2025-06-01,37.0,Gaza,Israel-Palestine
2025-06-02,52.0,Gaza,Israel-Palestine
2025-06-03,40.0,Gaza,Israel-Palestine
2025-06-04,97.0,Gaza,Israel-Palestine
2025-06-05,70.0,Gaza,Israel-Palestine
2025-06-06,0.0,Gaza,Israel-Palestine
2025-06-07,95.0,Gaza,Israel-Palestine
2025-06-08,108.0,Gaza,Israel-Palestine
2025-06-09,47.0,Gaza,Israel-Palestine
2025-06-10,54.0,Gaza,Israel-Palestine
2025-06-11,123.0,Gaza,Israel-Palestine
2025-06-12,103.0,Gaza,Israel-Palestine
2025-06-13,0.0,Gaza,Israel-Palestine
2025-06-14,90.0,Gaza,Israel-Palestine
2025-06-15,65.0,Gaza,Israel-Palestine
2025-06-16,70.0,Gaza,Israel-Palestine
2025-06-17,61.0,Gaza,Israel-Palestine
2025-06-18,144.0,Gaza,Israel-Palestine
2025-06-19,69.0,Gaza,Israel-Palestine
2025-06-20,0.0,Gaza,Israel-Palestine
2025-06-21,202.0,Gaza,Israel-Palestine
2025-06-22,51.0,Gaza,Israel-Palestine
2025-06-23,39.0,Gaza,Israel-Palestine
2025-06-24,79.0,Gaza,Israel-Palestine
2025-06-25,79.0,Gaza,Israel-Palestine
2025-06-26,103.0,Gaza,Israel-Palestine
2025-06-27,72.0,Gaza,Israel-Palestine
2025-06-28,81.0,Gaza,Israel-Palestine
2025-06-29,88.0,Gaza,Israel-Palestine
2025-06-30,31.0,Gaza,Israel-Palestine
2025-07-01,116.0,Gaza,Israel-Palestine
2025-07-02,365.0,Gaza,Israel-Palestine
2025-07-03,118.0,Gaza,Israel-Palestine
2025-07-04,138.0,Gaza,Israel-Palestine
2025-07-05,70.0,Gaza,Israel-Palestine
2025-07-06,80.0,Gaza,Israel-Palestine
2025-07-07,105.0,Gaza,Israel-Palestine
2025-07-08,52.0,Gaza,Israel-Palestine
2025-07-09,105.0,Gaza,Israel-Palestine
2025-07-10,82.0,Gaza,Israel-Palestine
2025-07-11,61.0,Gaza,Israel-Palestine
2025-07-12,59.0,Gaza,Israel-Palestine
2025-07-13,144.0,Gaza,Israel-Palestine
2025-07-14,360.0,Gaza,Israel-Palestine
2025-07-15,93.0,Gaza,Israel-Palestine
2025-07-16,94.0,Gaza,Israel-Palestine
2025-07-17,94.0,Gaza,Israel-Palestine
2025-07-18,0.0,Gaza,Israel-Palestine
2025-07-19,98.0,Gaza,Israel-Palestine
2025-07-20,130.0,Gaza,Israel-Palestine
2025-07-21,134.0,Gaza,Israel-Palestine
2025-07-22,77.0,Gaza,Israel-Palestine
2025-07-23,113.0,Gaza,Israel-Palestine
2025-07-24,368.0,Gaza,Israel-Palestine
2025-07-25,89.0,Gaza,Israel-Palestine
2025-07-26,57.0,Gaza,Israel-Palestine
2025-07-27,88.0,Gaza,Israel-Palestine
2025-07-28,100.0,Gaza,Israel-Palestine
2025-07-29,113.0,Gaza,Israel-Palestine
2025-07-30,104.0,Gaza,Israel-Palestine
2025-07-31,111.0,Gaza,Israel-Palestine
2025-08-01,83.0,Gaza,Israel-Palestine
2025-08-02,98.0,Gaza,Israel-Palestine
2025-08-03,409.0,Gaza,Israel-Palestine
2025-08-04,94.0,Gaza,Israel-Palestine
2025-08-05,87.0,Gaza,Israel-Palestine
2025-08-06,138.0,Gaza,Israel-Palestine
2025-08-07,100.0,Gaza,Israel-Palestine
2025-08-08,72.0,Gaza,Israel-Palestine
2025-08-09,39.0,Gaza,Israel-Palestine
2025-08-10,61.0,Gaza,Israel-Palestine
2025-08-11,69.0,Gaza,Israel-Palestine
2025-08-12,100.0,Gaza,Israel-Palestine
2025-08-13,123.0,Gaza,Israel-Palestine
2025-08-14,54.0,Gaza,Israel-Palestine
2025-08-15,51.0,Gaza,Israel-Palestine
2025-08-16,70.0,Gaza,Israel-Palestine
2025-08-17,47.0,Gaza,Israel-Palestine
2025-08-18,60.0,Gaza,Israel-Palestine
2025-08-19,60.0,Gaza,Israel-Palestine
2025-08-20,58.0,Gaza,Israel-Palestine
2025-08-21,70.0,Gaza,Israel-Palestine
2025-08-22,71.0,Gaza,Israel-Palestine
2025-08-23,359.0,Gaza,Israel-Palestine
2025-08-24,64.0,Gaza,Israel-Palestine
2025-08-25,58.0,Gaza,Israel-Palestine
2025-08-26,75.0,Gaza,Israel-Palestine
2025-08-27,76.0,Gaza,Israel-Palestine
2025-08-28,71.0,Gaza,Israel-Palestine
2025-08-29,59.0,Gaza,Israel-Palestine
2025-08-30,346.0,Gaza,Israel-Palestine
2025-08-31,88.0,Gaza,Israel-Palestine
2025-09-01,98.0,Gaza,Israel-Palestine
2025-09-02,76.0,Gaza,Israel-Palestine
2025-09-03,113.0,Gaza,Israel-Palestine
2025-09-04,485.0,Gaza,Israel-Palestine
2025-09-05,69.0,Gaza,Israel-Palestine
2025-09-06,68.0,Gaza,Israel-Palestine
2025-09-07,87.0,Gaza,Israel-Palestine
2025-09-08,67.0,Gaza,Israel-Palestine
2025-09-09,83.0,Gaza,Israel-Palestine
2025-09-10,51.0,Gaza,Israel-Palestine
2025-09-11,62.0,Gaza,Israel-Palestine
2025-09-12,38.0,Gaza,Israel-Palestine
2025-09-13,47.0,Gaza,Israel-Palestine
2025-09-14,68.0,Gaza,Israel-Palestine
2025-09-15,34.0,Gaza,Israel-Palestine
2025-09-16,59.0,Gaza,Israel-Palestine
2025-09-17,98.0,Gaza,Israel-Palestine
2025-09-18,79.0,Gaza,Israel-Palestine
2025-09-19,33.0,Gaza,Israel-Palestine
2025-09-20,34.0,Gaza,Israel-Palestine
2025-09-21,75.0,Gaza,Israel-Palestine
2025-09-22,61.0,Gaza,Israel-Palestine
2025-09-23,38.0,Gaza,Israel-Palestine
2025-09-24,37.0,Gaza,Israel-Palestine
2025-09-25,83.0,Gaza,Israel-Palestine
2025-09-26,47.0,Gaza,Israel-Palestine
2025-09-27,377.0,Gaza,Israel-Palestine
2025-09-28,79.0,Gaza,Israel-Palestine
2025-09-29,50.0,Gaza,Israel-Palestine
2025-09-30,42.0,Gaza,Israel-Palestine
2025-10-01,51.0,Gaza,Israel-Palestine
2025-10-02,77.0,Gaza,Israel-Palestine
2025-10-03,63.0,Gaza,Israel-Palestine
2025-10-04,786.0,Gaza,Israel-Palestine
2025-10-05,65.0,Gaza,Israel-Palestine
2025-10-06,21.0,Gaza,Israel-Palestine
2025-10-07,13.0,Gaza,Israel-Palestine
2025-10-08,10.0,Gaza,Israel-Palestine
2025-10-09,11.0,Gaza,Israel-Palestine
2025-10-10,17.0,Gaza,Israel-Palestine
2025-10-11,471.0,Gaza,Israel-Palestine
2025-10-12,124.0,Gaza,Israel-Palestine
2025-10-13,63.0,Gaza,Israel-Palestine
2025-10-14,44.0,Gaza,Israel-Palestine
2025-10-15,25.0,Gaza,Israel-Palestine
2025-10-16,29.0,Gaza,Israel-Palestine
2025-10-17,0.0,Gaza,Israel-Palestine
2025-10-18,149.0,Gaza,Israel-Palestine
2025-10-19,43.0,Gaza,Israel-Palestine
2025-10-20,57.0,Gaza,Israel-Palestine
2025-10-21,13.0,Gaza,Israel-Palestine
2025-10-22,5.0,Gaza,Israel-Palestine
2025-10-23,46.0,Gaza,Israel-Palestine
2025-10-24,0.0,Gaza,Israel-Palestine
2025-10-25,239.0,Gaza,Israel-Palestine
2025-10-26,0.0,Gaza,Israel-Palestine
2025-10-27,8.0,Gaza,Israel-Palestine
2025-10-28,4.0,Gaza,Israel-Palestine
2025-10-29,104.0,Gaza,Israel-Palestine
2025-10-30,8.0,Gaza,Israel-Palestine
2025-10-31,0.0,Gaza,Israel-Palestine
2025-11-01,215.0,Gaza,Israel-Palestine
2025-11-02,7.0,Gaza,Israel-Palestine
2025-11-03,10.0,Gaza,Israel-Palestine
2025-11-04,4.0,Gaza,Israel-Palestine
2025-11-05,3.0,Gaza,Israel-Palestine
2025-11-06,0.0,Gaza,Israel-Palestine
2025-11-07,0.0,Gaza,Israel-Palestine
2025-11-08,287.0,Gaza,Israel-Palestine
2025-11-09,7.0,Gaza,Israel-Palestine
2025-11-10,3.0,Gaza,Israel-Palestine
2025-11-11,3.0,Gaza,Israel-Palestine
2025-11-12,3.0,Gaza,Israel-Palestine
2025-11-13,2.0,Gaza,Israel-Palestine
2025-11-14,0.0,Gaza,Israel-Palestine
2025-11-15,0.0,Gaza,Israel-Palestine
2025-11-16,296.0,Gaza,Israel-Palestine
2025-11-17,23.0,Gaza,Israel-Palestine
2025-11-18,0.0,Gaza,Israel-Palestine
2025-11-19,7.0,Gaza,Israel-Palestine
2025-11-20,33.0,Gaza,Israel-Palestine
2025-11-21,0.0,Gaza,Israel-Palestine
2025-11-22,187.0,Gaza,Israel-Palestine
2025-11-23,23.0,Gaza,Israel-Palestine
2025-11-24,2.0,Gaza,Israel-Palestine
2025-11-25,17.0,Gaza,Israel-Palestine
2025-11-26,10.0,Gaza,Israel-Palestine
2025-11-27,14.0,Gaza,Israel-Palestine
2025-11-28,0.0,Gaza,Israel-Palestine
2025-11-29,301.0,Gaza,Israel-Palestine
2025-11-30,3.0,Gaza,Israel-Palestine
2025-12-01,9.0,Gaza,Israel-Palestine
2025-12-02,0.0,Gaza,Israel-Palestine
2025-12-03,5.0,Gaza,Israel-Palestine
2025-12-04,8.0,Gaza,Israel-Palestine
2025-12-05,0.0,Gaza,Israel-Palestine
2025-12-06,229.0,Gaza,Israel-Palestine
2025-12-07,6.0,Gaza,Israel-Palestine
2025-12-08,5.0,Gaza,Israel-Palestine
2025-12-09,1.0,Gaza,Israel-Palestine
2025-12-10,3.0,Gaza,Israel-Palestine
2025-12-11,4.0,Gaza,Israel-Palestine
2025-12-12,0.0,Gaza,Israel-Palestine
2025-12-13,281.0,Gaza,Israel-Palestine
2025-12-14,9.0,Gaza,Israel-Palestine
2025-12-15,2.0,Gaza,Israel-Palestine
2025-12-16,2.0,Gaza,Israel-Palestine
2025-12-17,1.0,Gaza,Israel-Palestine
2025-12-18,1.0,Gaza,Israel-Palestine
2025-12-19,0.0,Gaza,Israel-Palestine
2025-12-20,256.0,Gaza,Israel-Palestine
2025-12-21,0.0,Gaza,Israel-Palestine
2025-12-22,12.0,Gaza,Israel-Palestine
2025-12-23,5.0,Gaza,Israel-Palestine
2025-12-24,0.0,Gaza,Israel-Palestine
2025-12-25,0.0,Gaza,Israel-Palestine
2025-12-26,3.0,Gaza,Israel-Palestine
2025-12-27,321.0,Gaza,Israel-Palestine
2025-12-28,0.0,Gaza,Israel-Palestine
2025-12-29,1.0,Gaza,Israel-Palestine
2025-12-30,0.0,Gaza,Israel-Palestine
2025-12-31,2.0,Gaza,Israel-Palestine
2026-01-01,2.0,Gaza,Israel-Palestine
2026-01-02,0.0,Gaza,Israel-Palestine
2026-01-03,113.0,Gaza,Israel-Palestine
2026-01-04,2.0,Gaza,Israel-Palestine
2026-01-05,2.0,Gaza,Israel-Palestine
2026-01-06,3.0,Gaza,Israel-Palestine
2026-01-07,0.0,Gaza,Israel-Palestine
2026-01-08,4.0,Gaza,Israel-Palestine
2026-01-09,14.0,Gaza,Israel-Palestine
2026-01-10,0.0,Gaza,Israel-Palestine
2026-01-11,3.0,Gaza,Israel-Palestine
2026-01-12,7.0,Gaza,Israel-Palestine
2026-01-13,5.0,Gaza,Israel-Palestine
2026-01-14,15.0,Gaza,Israel-Palestine
2026-01-15,2.0,Gaza,Israel-Palestine
2026-01-16,14.0,Gaza,Israel-Palestine
2026-01-17,93.0,Gaza,Israel-Palestine
2026-01-18,0.0,Gaza,Israel-Palestine
2026-01-19,2.0,Gaza,Israel-Palestine
2026-01-20,1.0,Gaza,Israel-Palestine
2026-01-21,0.0,Gaza,Israel-Palestine
2026-01-22,11.0,Gaza,Israel-Palestine
2026-01-23,0.0,Gaza,Israel-Palestine
2026-01-24,92.0,Gaza,Israel-Palestine
2026-01-25,3.0,Gaza,Israel-Palestine
2026-01-26,3.0,Gaza,Israel-Palestine
2026-01-27,2.0,Gaza,Israel-Palestine
2026-01-28,5.0,Gaza,Israel-Palestine
2026-01-29,0.0,Gaza,Israel-Palestine
2026-01-30,0.0,Gaza,Israel-Palestine
2026-01-31,102.0,Gaza,Israel-Palestine
2026-02-01,26.0,Gaza,Israel-Palestine
2026-02-02,5.0,Gaza,Israel-Palestine
2026-02-03,3.0,Gaza,Israel-Palestine
2026-02-04,21.0,Gaza,Israel-Palestine
2026-02-05,27.0,Gaza,Israel-Palestine
2026-02-06,0.0,Gaza,Israel-Palestine
2026-02-07,176.0,Gaza,Israel-Palestine
2026-02-08,0.0,Gaza,Israel-Palestine
2026-02-09,5.0,Gaza,Israel-Palestine
2026-02-10,5.0,Gaza,Israel-Palestine
2026-02-11,8.0,Gaza,Israel-Palestine
2026-02-12,4.0,Gaza,Israel-Palestine
2026-02-13,0.0,Gaza,Israel-Palestine
2026-02-14,2.0,Gaza,Israel-Palestine
2026-02-15,10.0,Gaza,Israel-Palestine
2026-02-16,2.0,Gaza,Israel-Palestine
2026-02-17,0.0,Gaza,Israel-Palestine
2026-02-18,4.0,Gaza,Israel-Palestine
2026-02-19,2.0,Gaza,Israel-Palestine
2026-02-20,0.0,Gaza,Israel-Palestine
2026-02-21,1.0,Gaza,Israel-Palestine
2026-02-22,2.0,Gaza,Israel-Palestine
2026-02-23,1.0,Gaza,Israel-Palestine
2026-02-24,0.0,Gaza,Israel-Palestine
2026-02-25,9.0,Gaza,Israel-Palestine
2026-02-26,0.0,Gaza,Israel-Palestine
2026-02-27,0.0,Gaza,Israel-Palestine
2026-02-28,13.0,Gaza,Israel-Palestine
2026-03-01,1.0,Gaza,Israel-Palestine
2026-03-02,1.0,Gaza,Israel-Palestine
2026-03-03,19.0,Gaza,Israel-Palestine
2026-03-04,1.0,Gaza,Israel-Palestine
2026-03-05,3.0,Gaza,Israel-Palestine
2026-03-06,0.0,Gaza,Israel-Palestine
2026-03-07,3.0,Gaza,Israel-Palestine
2026-03-08,3.0,Gaza,Israel-Palestine
2026-03-09,7.0,Gaza,Israel-Palestine
2026-03-10,1.0,Gaza,Israel-Palestine
2026-03-11,1.0,Gaza,Israel-Palestine
2026-03-12,1.0,Gaza,Israel-Palestine
2026-03-13,0.0,Gaza,Israel-Palestine
2026-03-14,98.0,Gaza,Israel-Palestine
2026-03-15,5.0,Gaza,Israel-Palestine
2026-03-16,8.0,Gaza,Israel-Palestine
2026-03-17,2.0,Gaza,Israel-Palestine
2026-03-18,4.0,Gaza,Israel-Palestine
2026-03-19,0.0,Gaza,Israel-Palestine
2026-03-20,0.0,Gaza,Israel-Palestine
2026-03-21,0.0,Gaza,Israel-Palestine
2026-03-22,1.0,Gaza,Israel-Palestine
2026-03-23,9.0,Gaza,Israel-Palestine
2026-03-24,0.0,Gaza,Israel-Palestine
2026-03-25,2.0,Gaza,Israel-Palestine
2026-03-26,2.0,Gaza,Israel-Palestine
2026-03-27,0.0,Gaza,Israel-Palestine
2026-03-28,1.0,Gaza,Israel-Palestine
2026-03-29,10.0,Gaza,Israel-Palestine
2026-03-30,2.0,Gaza,Israel-Palestine
2026-03-31,5.0,Gaza,Israel-Palestine
2026-04-01,4.0,Gaza,Israel-Palestine
2026-04-02,0.0,Gaza,Israel-Palestine
2026-04-03,0.0,Gaza,Israel-Palestine
2026-04-04,0.0,Gaza,Israel-Palestine
2026-04-05,4.0,Gaza,Israel-Palestine
2026-04-06,9.0,Gaza,Israel-Palestine
2026-04-07,10.0,Gaza,Israel-Palestine
2026-04-08,3.0,Gaza,Israel-Palestine
2026-04-09,2.0,Gaza,Israel-Palestine
2026-04-10,0.0,Gaza,Israel-Palestine
2026-04-11,11.0,Gaza,Israel-Palestine
2026-04-12,1.0,Gaza,Israel-Palestine
2026-04-13,4.0,Gaza,Israel-Palestine
2026-04-14,3.0,Gaza,Israel-Palestine
2026-04-15,8.0,Gaza,Israel-Palestine
2026-04-16,1.0,Gaza,Israel-Palestine
2026-04-17,0.0,Gaza,Israel-Palestine
2026-04-18,204.0,Gaza,Israel-Palestine
2026-04-19,2.0,Gaza,Israel-Palestine
2026-04-20,2.0,Gaza,Israel-Palestine
2026-04-21,7.0,Gaza,Israel-Palestine
2026-04-22,2.0,Gaza,Israel-Palestine
2026-04-23,6.0,Gaza,Israel-Palestine
2026-04-24,0.0,Gaza,Israel-Palestine
2026-04-25,17.0,Gaza,Israel-Palestine
2026-04-26,2.0,Gaza,Israel-Palestine
2026-04-27,6.0,Gaza,Israel-Palestine
2026-04-28,1.0,Gaza,Israel-Palestine
2026-04-29,5.0,Gaza,Israel-Palestine
2026-04-30,2.0,Gaza,Israel-Palestine
2026-05-01,0.0,Gaza,Israel-Palestine
2026-05-02,7.0,Gaza,Israel-Palestine
2026-05-03,2.0,Gaza,Israel-Palestine
2026-05-04,2.0,Gaza,Israel-Palestine
2026-05-05,3.0,Gaza,Israel-Palestine
2026-05-06,4.0,Gaza,Israel-Palestine
2026-05-07,9.0,Gaza,Israel-Palestine
2026-05-08,0.0,Gaza,Israel-Palestine
2026-05-09,108.0,Gaza,Israel-Palestine
2026-05-10,1.0,Gaza,Israel-Palestine
2026-05-11,3.0,Gaza,Israel-Palestine
2026-05-12,2.0,Gaza,Israel-Palestine
2026-05-13,2.0,Gaza,Israel-Palestine
2026-05-14,0.0,Gaza,Israel-Palestine
2026-05-15,13.0,Gaza,Israel-Palestine
2026-05-16,0.0,Gaza,Israel-Palestine
2026-05-17,6.0,Gaza,Israel-Palestine
2026-05-18,6.0,Gaza,Israel-Palestine
2026-05-19,3.0,Gaza,Israel-Palestine
2026-05-20,1.0,Gaza,Israel-Palestine
2026-05-21,2.0,Gaza,Israel-Palestine
2026-05-22,0.0,Gaza,Israel-Palestine
2026-05-23,8.0,Gaza,Israel-Palestine
2026-05-24,8.0,Gaza,Israel-Palestine
2026-05-25,6.0,Gaza,Israel-Palestine
2026-05-26,6.0,Gaza,Israel-Palestine
2026-05-27,0.0,Gaza,Israel-Palestine
2026-05-28,16.0,Gaza,Israel-Palestine
2026-05-29,0.0,Gaza,Israel-Palestine
2026-05-30,119.0,Gaza,Israel-Palestine
2026-05-31,1.0,Gaza,Israel-Palestine
2026-06-01,2.0,Gaza,Israel-Palestine
2026-06-02,1.0,Gaza,Israel-Palestine
2026-06-03,3.0,Gaza,Israel-Palestine
2026-06-04,11.0,Gaza,Israel-Palestine
2026-06-05,0.0,Gaza,Israel-Palestine
2026-06-06,5.0,Gaza,Israel-Palestine
2026-06-07,10.0,Gaza,Israel-Palestine
2026-06-08,9.0,Gaza,Israel-Palestine
2026-06-09,8.0,Gaza,Israel-Palestine
2026-06-10,3.0,Gaza,Israel-Palestine
2026-06-11,0.0,Gaza,Israel-Palestine
2026-06-12,0.0,Gaza,Israel-Palestine
2026-06-13,2.0,Gaza,Israel-Palestine
2026-06-14,3.0,Gaza,Israel-Palestine
2026-06-15,7.0,Gaza,Israel-Palestine
2026-06-16,5.0,Gaza,Israel-Palestine
2026-06-17,8.0,Gaza,Israel-Palestine
2026-06-18,2.0,Gaza,Israel-Palestine
2026-06-20,5.0,Gaza,Israel-Palestine
2026-06-21,9.0,Gaza,Israel-Palestine
2026-06-22,3.0,Gaza,Israel-Palestine
2026-06-23,4.0,Gaza,Israel-Palestine
2026-06-24,2.0,Gaza,Israel-Palestine
2026-06-25,2.0,Gaza,Israel-Palestine
2026-06-27,8.0,Gaza,Israel-Palestine
2026-06-28,3.0,Gaza,Israel-Palestine
2026-06-29,4.0,Gaza,Israel-Palestine
2026-06-30,8.0,Gaza,Israel-Palestine
2026-07-01,4.0,Gaza,Israel-Palestine
2026-07-02,4.0,Gaza,Israel-Palestine
2026-07-04,16.0,Gaza,Israel-Palestine
2026-07-05,3.0,Gaza,Israel-Palestine
2026-07-06,5.0,Gaza,Israel-Palestine
2026-07-07,4.0,Gaza,Israel-Palestine
2026-07-08,8.0,Gaza,Israel-Palestine
2026-07-09,8.0,Gaza,Israel-Palestine
2026-07-11,103.0,Gaza,Israel-Palestine
2026-07-12,2.0,Gaza,Israel-Palestine
2026-07-13,8.0,Gaza,Israel-Palestine
2026-07-14,2.0,Gaza,Israel-Palestine
2026-07-15,13.0,Gaza,Israel-Palestine
2026-07-16,4.0,Gaza,Israel-Palestine
2026-07-18,19.0,Gaza,Israel-Palestine
2026-07-19,11.0,Gaza,Israel-Palestine
2026-07-20,3.0,Gaza,Israel-Palestine
2026-07-21,10.0,Gaza,Israel-Palestine
2026-07-22,12.0,Gaza,Israel-Palestine
2026-07-23,6.0,Gaza,Israel-Palestine
2026-07-25,6.0,Gaza,Israel-Palestine
2026-07-26,9.0,Gaza,Israel-Palestine
2026-07-27,3.0,Gaza,Israel-Palestine
2026-07-28,4.0,Gaza,Israel-Palestine
2026-07-29,2.0,Gaza,Israel-Palestine
2026-07-30,6.0,Gaza,Israel-Palestine
2026-08-01,8.0,Gaza,Israel-Palestine
2026-08-02,7.0,Gaza,Israel-Palestine
2026-08-03,19.0,Gaza,Israel-Palestine
2026-08-04,2.0,Gaza,Israel-Palestine
2026-08-05,4.0,Gaza,Israel-Palestine
2026-08-06,1.0,Gaza,Israel-Palestine
2026-08-08,2.0,Gaza,Israel-Palestine
2026-08-09,2.0,Gaza,Israel-Palestine
2026-08-10,0.0,Gaza,Israel-Palestine
2026-08-11,1.0,Gaza,Israel-Palestine
2026-08-12,1.0,Gaza,Israel-Palestine
2026-08-13,1.0,Gaza,Israel-Palestine
2026-08-15,2.0,Gaza,Israel-Palestine
2026-08-17,8.0,Gaza,Israel-Palestine
2026-08-18,1.0,Gaza,Israel-Palestine
2026-08-19,7.0,Gaza,Israel-Palestine
2026-08-20,10.0,Gaza,Israel-Palestine
2026-08-22,2.0,Gaza,Israel-Palestine
2026-08-23,1.0,Gaza,Israel-Palestine
2026-08-24,2.0,Gaza,Israel-Palestine
2026-08-25,9.0,Gaza,Israel-Palestine
2026-08-26,7.0,Gaza,Israel-Palestine
2026-08-27,1.0,Gaza,Israel-Palestine
2026-08-29,10.0,Gaza,Israel-Palestine
2026-08-30,5.0,Gaza,Israel-Palestine
2026-08-31,2.0,Gaza,Israel-Palestine
2026-09-01,6.0,Gaza,Israel-Palestine
2026-09-02,8.0,Gaza,Israel-Palestine
2026-09-03,4.0,Gaza,Israel-Palestine
2026-09-05,177.0,Gaza,Israel-Palestine
2026-09-06,0.0,Gaza,Israel-Palestine
2026-09-07,7.0,Gaza,Israel-Palestine
2026-09-08,4.0,Gaza,Israel-Palestine
2026-09-09,7.0,Gaza,Israel-Palestine
2026-09-10,1.0,Gaza,Israel-Palestine
2026-09-12,113.0,Gaza,Israel-Palestine
2026-09-13,1.0,Gaza,Israel-Palestine
2026-09-14,2.0,Gaza,Israel-Palestine
2026-09-15,3.0,Gaza,Israel-Palestine
2026-09-16,6.0,Gaza,Israel-Palestine
2026-09-17,26.0,Gaza,Israel-Palestine
2023-10-07,6.0,West Bank,Israel-Palestine
2023-10-08,8.0,West Bank,Israel-Palestine
2023-10-09,4.0,West Bank,Israel-Palestine
2023-10-10,5.0,West Bank,Israel-Palestine
2023-10-11,6.0,West Bank,Israel-Palestine
2023-10-12,7.0,West Bank,Israel-Palestine
2023-10-13,17.0,West Bank,Israel-Palestine
2023-10-14,3.0,West Bank,Israel-Palestine
2023-10-15,2.0,West Bank,Israel-Palestine
2023-10-16,2.0,West Bank,Israel-Palestine
2023-10-17,3.0,West Bank,Israel-Palestine
2023-10-18,4.0,West Bank,Israel-Palestine
2023-10-19,15.0,West Bank,Israel-Palestine
2023-10-20,2.0,West Bank,Israel-Palestine
2023-10-21,2.0,West Bank,Israel-Palestine
2023-10-22,8.0,West Bank,Israel-Palestine
2023-10-23,2.0,West Bank,Israel-Palestine
2023-10-24,1.0,West Bank,Israel-Palestine
2023-10-25,6.0,West Bank,Israel-Palestine
2023-10-26,2.0,West Bank,Israel-Palestine
2023-10-27,4.0,West Bank,Israel-Palestine
2023-10-28,1.0,West Bank,Israel-Palestine
2023-10-29,5.0,West Bank,Israel-Palestine
2023-10-30,7.0,West Bank,Israel-Palestine
2023-10-31,3.0,West Bank,Israel-Palestine
2023-11-01,4.0,West Bank,Israel-Palestine
2023-11-02,9.0,West Bank,Israel-Palestine
2023-11-03,7.0,West Bank,Israel-Palestine
2023-11-04,1.0,West Bank,Israel-Palestine
2023-11-05,5.0,West Bank,Israel-Palestine
2023-11-06,7.0,West Bank,Israel-Palestine
2023-11-07,2.0,West Bank,Israel-Palestine
2023-11-08,1.0,West Bank,Israel-Palestine
2023-11-09,18.0,West Bank,Israel-Palestine
2023-11-10,1.0,West Bank,Israel-Palestine
2023-11-11,2.0,West Bank,Israel-Palestine
2023-11-12,1.0,West Bank,Israel-Palestine
2023-11-13,8.0,West Bank,Israel-Palestine
2023-11-14,2.0,West Bank,Israel-Palestine
2023-11-15,0.0,West Bank,Israel-Palestine
2023-11-16,6.0,West Bank,Israel-Palestine
2023-11-17,2.0,West Bank,Israel-Palestine
2023-11-18,6.0,West Bank,Israel-Palestine
2023-11-19,2.0,West Bank,Israel-Palestine
2023-11-20,2.0,West Bank,Israel-Palestine
2023-11-21,7.0,West Bank,Israel-Palestine
2023-11-22,3.0,West Bank,Israel-Palestine
2023-11-23,2.0,West Bank,Israel-Palestine
2023-11-24,2.0,West Bank,Israel-Palestine
2023-11-25,7.0,West Bank,Israel-Palestine
2023-11-26,1.0,West Bank,Israel-Palestine
2023-11-27,0.0,West Bank,Israel-Palestine
2023-11-28,7.0,West Bank,Israel-Palestine
2023-11-29,0.0,West Bank,Israel-Palestine
2023-11-30,2.0,West Bank,Israel-Palestine
2023-12-01,0.0,West Bank,Israel-Palestine
2023-12-02,3.0,West Bank,Israel-Palestine
2023-12-03,1.0,West Bank,Israel-Palestine
2023-12-04,5.0,West Bank,Israel-Palestine
2023-12-05,1.0,West Bank,Israel-Palestine
2023-12-06,5.0,West Bank,Israel-Palestine
2023-12-07,1.0,West Bank,Israel-Palestine
2023-12-08,6.0,West Bank,Israel-Palestine
2023-12-09,3.0,West Bank,Israel-Palestine
2023-12-10,0.0,West Bank,Israel-Palestine
2023-12-11,0.0,West Bank,Israel-Palestine
2023-12-12,11.0,West Bank,Israel-Palestine
2023-12-13,0.0,West Bank,Israel-Palestine
2023-12-14,0.0,West Bank,Israel-Palestine
2023-12-15,1.0,West Bank,Israel-Palestine
2023-12-16,8.0,West Bank,Israel-Palestine
2023-12-17,1.0,West Bank,Israel-Palestine
2023-12-18,4.0,West Bank,Israel-Palestine
2023-12-19,0.0,West Bank,Israel-Palestine
2023-12-20,2.0,West Bank,Israel-Palestine
2023-12-21,0.0,West Bank,Israel-Palestine
2023-12-22,0.0,West Bank,Israel-Palestine
2023-12-23,0.0,West Bank,Israel-Palestine
2023-12-24,0.0,West Bank,Israel-Palestine
2023-12-25,0.0,West Bank,Israel-Palestine
2023-12-26,2.0,West Bank,Israel-Palestine
2023-12-27,7.0,West Bank,Israel-Palestine
2023-12-28,4.0,West Bank,Israel-Palestine
2023-12-29,2.0,West Bank,Israel-Palestine
2023-12-30,1.0,West Bank,Israel-Palestine
2023-12-31,0.0,West Bank,Israel-Palestine
2024-01-01,0.0,West Bank,Israel-Palestine
2024-01-02,4.0,West Bank,Israel-Palestine
2024-01-03,0.0,West Bank,Israel-Palestine
2024-01-04,1.0,West Bank,Israel-Palestine
2024-01-05,1.0,West Bank,Israel-Palestine
2024-01-06,7.0,West Bank,Israel-Palestine
2024-01-07,4.0,West Bank,Israel-Palestine
2024-01-08,3.0,West Bank,Israel-Palestine
2024-01-09,1.0,West Bank,Israel-Palestine
2024-01-10,1.0,West Bank,Israel-Palestine
2024-01-11,1.0,West Bank,Israel-Palestine
2024-01-12,4.0,West Bank,Israel-Palestine
2024-01-13,0.0,West Bank,Israel-Palestine
2024-01-14,5.0,West Bank,Israel-Palestine
2024-01-15,3.0,West Bank,Israel-Palestine
2024-01-16,0.0,West Bank,Israel-Palestine
2024-01-17,13.0,West Bank,Israel-Palestine
2024-01-18,0.0,West Bank,Israel-Palestine
2024-01-19,1.0,West Bank,Israel-Palestine
2024-01-20,0.0,West Bank,Israel-Palestine
2024-01-21,0.0,West Bank,Israel-Palestine
2024-01-22,1.0,West Bank,Israel-Palestine
2024-01-23,1.0,West Bank,Israel-Palestine
2024-01-24,0.0,West Bank,Israel-Palestine
2024-01-25,1.0,West Bank,Israel-Palestine
2024-01-26,1.0,West Bank,Israel-Palestine
2024-01-28,0.0,West Bank,Israel-Palestine
2024-01-29,5.0,West Bank,Israel-Palestine
2024-01-30,3.0,West Bank,Israel-Palestine
2024-01-31,0.0,West Bank,Israel-Palestine
2024-02-01,0.0,West Bank,Israel-Palestine
2024-02-02,0.0,West Bank,Israel-Palestine
2024-02-03,0.0,West Bank,Israel-Palestine
2024-02-04,0.0,West Bank,Israel-Palestine
2024-02-05,1.0,West Bank,Israel-Palestine
2024-02-06,1.0,West Bank,Israel-Palestine
2024-02-07,3.0,West Bank,Israel-Palestine
2024-02-08,2.0,West Bank,Israel-Palestine
2024-02-09,1.0,West Bank,Israel-Palestine
2024-02-10,1.0,West Bank,Israel-Palestine
2024-02-11,1.0,West Bank,Israel-Palestine
2024-02-12,1.0,West Bank,Israel-Palestine
2024-02-13,1.0,West Bank,Israel-Palestine
2024-02-14,1.0,West Bank,Israel-Palestine
2024-02-15,0.0,West Bank,Israel-Palestine
2024-02-16,0.0,West Bank,Israel-Palestine
2024-02-17,0.0,West Bank,Israel-Palestine
2024-02-18,3.0,West Bank,Israel-Palestine
2024-02-19,0.0,West Bank,Israel-Palestine
2024-02-20,1.0,West Bank,Israel-Palestine
2024-02-21,1.0,West Bank,Israel-Palestine
2024-02-22,4.0,West Bank,Israel-Palestine
2024-02-23,0.0,West Bank,Israel-Palestine
2024-02-24,0.0,West Bank,Israel-Palestine
2024-02-25,0.0,West Bank,Israel-Palestine
2024-02-26,3.0,West Bank,Israel-Palestine
2024-02-27,2.0,West Bank,Israel-Palestine
2024-02-28,0.0,West Bank,Israel-Palestine
2024-02-29,5.0,West Bank,Israel-Palestine
2024-03-01,0.0,West Bank,Israel-Palestine
2024-03-02,2.0,West Bank,Israel-Palestine
2024-03-03,0.0,West Bank,Israel-Palestine
2024-03-04,2.0,West Bank,Israel-Palestine
2024-03-05,2.0,West Bank,Israel-Palestine
2024-03-06,1.0,West Bank,Israel-Palestine
2024-03-07,0.0,West Bank,Israel-Palestine
2024-03-08,1.0,West Bank,Israel-Palestine
2024-03-09,0.0,West Bank,Israel-Palestine
2024-03-10,0.0,West Bank,Israel-Palestine
2024-03-11,2.0,West Bank,Israel-Palestine
2024-03-12,3.0,West Bank,Israel-Palestine
2024-03-13,3.0,West Bank,Israel-Palestine
2024-03-14,0.0,West Bank,Israel-Palestine
2024-03-15,1.0,West Bank,Israel-Palestine
2024-03-16,1.0,West Bank,Israel-Palestine
2024-03-17,0.0,West Bank,Israel-Palestine
2024-03-18,0.0,West Bank,Israel-Palestine
2024-03-19,2.0,West Bank,Israel-Palestine
2024-03-20,7.0,West Bank,Israel-Palestine
2024-03-21,4.0,West Bank,Israel-Palestine
2024-03-22,2.0,West Bank,Israel-Palestine
2024-03-23,0.0,West Bank,Israel-Palestine
2024-03-24,0.0,West Bank,Israel-Palestine
2024-03-25,0.0,West Bank,Israel-Palestine
2024-03-26,0.0,West Bank,Israel-Palestine
2024-03-27,4.0,West Bank,Israel-Palestine
2024-03-28,0.0,West Bank,Israel-Palestine
2024-03-29,0.0,West Bank,Israel-Palestine
2024-03-30,1.0,West Bank,Israel-Palestine
2024-03-31,0.0,West Bank,Israel-Palestine
2024-04-01,0.0,West Bank,Israel-Palestine
2024-04-02,1.0,West Bank,Israel-Palestine
2024-04-03,0.0,West Bank,Israel-Palestine
2024-04-04,1.0,West Bank,Israel-Palestine
2024-04-05,1.0,West Bank,Israel-Palestine
2024-04-06,0.0,West Bank,Israel-Palestine
2024-04-07,0.0,West Bank,Israel-Palestine
2024-04-08,1.0,West Bank,Israel-Palestine
2024-04-09,0.0,West Bank,Israel-Palestine
2024-04-10,0.0,West Bank,Israel-Palestine
2024-04-11,0.0,West Bank,Israel-Palestine
2024-04-12,3.0,West Bank,Israel-Palestine
2024-04-13,1.0,West Bank,Israel-Palestine
2024-04-14,0.0,West Bank,Israel-Palestine
2024-04-15,3.0,West Bank,Israel-Palestine
2024-04-16,0.0,West Bank,Israel-Palestine
2024-04-17,0.0,West Bank,Israel-Palestine
2024-04-18,14.0,West Bank,Israel-Palestine
2024-04-19,0.0,West Bank,Israel-Palestine
2024-04-20,1.0,West Bank,Israel-Palestine
2024-04-21,3.0,West Bank,Israel-Palestine
2024-04-22,0.0,West Bank,Israel-Palestine
2024-04-23,1.0,West Bank,Israel-Palestine
2024-04-24,1.0,West Bank,Israel-Palestine
2024-04-25,1.0,West Bank,Israel-Palestine
2024-04-26,0.0,West Bank,Israel-Palestine
2024-04-27,2.0,West Bank,Israel-Palestine
2024-04-28,0.0,West Bank,Israel-Palestine
2024-04-29,0.0,West Bank,Israel-Palestine
2024-04-30,0.0,West Bank,Israel-Palestine
2024-05-01,4.0,West Bank,Israel-Palestine
2024-05-02,0.0,West Bank,Israel-Palestine
2024-05-03,0.0,West Bank,Israel-Palestine
2024-05-04,0.0,West Bank,Israel-Palestine
2024-05-05,0.0,West Bank,Israel-Palestine
2024-05-06,1.0,West Bank,Israel-Palestine
2024-05-08,0.0,West Bank,Israel-Palestine
2024-05-09,0.0,West Bank,Israel-Palestine
2024-05-10,0.0,West Bank,Israel-Palestine
2024-05-11,0.0,West Bank,Israel-Palestine
2024-05-12,1.0,West Bank,Israel-Palestine
2024-05-13,0.0,West Bank,Israel-Palestine
2024-05-14,0.0,West Bank,Israel-Palestine
2024-05-15,4.0,West Bank,Israel-Palestine
2024-05-16,1.0,West Bank,Israel-Palestine
2024-05-17,3.0,West Bank,Israel-Palestine
2024-05-18,0.0,West Bank,Israel-Palestine
2024-05-19,1.0,West Bank,Israel-Palestine
2024-05-20,0.0,West Bank,Israel-Palestine
2024-05-21,12.0,West Bank,Israel-Palestine
2024-05-22,0.0,West Bank,Israel-Palestine
2024-05-23,0.0,West Bank,Israel-Palestine
2024-05-24,0.0,West Bank,Israel-Palestine
2024-05-25,0.0,West Bank,Israel-Palestine
2024-05-26,1.0,West Bank,Israel-Palestine
2024-05-27,0.0,West Bank,Israel-Palestine
2024-05-28,0.0,West Bank,Israel-Palestine
2024-05-29,0.0,West Bank,Israel-Palestine
2024-05-30,1.0,West Bank,Israel-Palestine
2024-05-31,0.0,West Bank,Israel-Palestine
2024-06-01,0.0,West Bank,Israel-Palestine
2024-06-02,2.0,West Bank,Israel-Palestine
2024-06-03,3.0,West Bank,Israel-Palestine
2024-06-04,0.0,West Bank,Israel-Palestine
2024-06-05,0.0,West Bank,Israel-Palestine
2024-06-06,4.0,West Bank,Israel-Palestine
2024-06-08,1.0,West Bank,Israel-Palestine
2024-06-09,0.0,West Bank,Israel-Palestine
2024-06-10,6.0,West Bank,Israel-Palestine
2024-06-11,6.0,West Bank,Israel-Palestine
2024-06-12,0.0,West Bank,Israel-Palestine
2024-06-13,3.0,West Bank,Israel-Palestine
2024-06-14,0.0,West Bank,Israel-Palestine
2024-06-15,1.0,West Bank,Israel-Palestine
2024-06-16,0.0,West Bank,Israel-Palestine
2024-06-17,0.0,West Bank,Israel-Palestine
2024-06-18,1.0,West Bank,Israel-Palestine
2024-06-19,0.0,West Bank,Israel-Palestine
2024-06-20,1.0,West Bank,Israel-Palestine
2024-06-21,2.0,West Bank,Israel-Palestine
2024-06-22,1.0,West Bank,Israel-Palestine
2024-06-23,0.0,West Bank,Israel-Palestine
2024-06-24,0.0,West Bank,Israel-Palestine
2024-06-25,0.0,West Bank,Israel-Palestine
2024-06-26,0.0,West Bank,Israel-Palestine
2024-06-27,0.0,West Bank,Israel-Palestine
2024-06-28,0.0,West Bank,Israel-Palestine
2024-06-29,0.0,West Bank,Israel-Palestine
2024-06-30,1.0,West Bank,Israel-Palestine
2024-07-01,2.0,West Bank,Israel-Palestine
2024-07-02,4.0,West Bank,Israel-Palestine
2024-07-03,1.0,West Bank,Israel-Palestine
2024-07-04,0.0,West Bank,Israel-Palestine
2024-07-05,7.0,West Bank,Israel-Palestine
2024-07-06,2.0,West Bank,Israel-Palestine
2024-07-07,1.0,West Bank,Israel-Palestine
2024-07-08,0.0,West Bank,Israel-Palestine
2024-07-09,1.0,West Bank,Israel-Palestine
2024-07-10,0.0,West Bank,Israel-Palestine
2024-07-11,1.0,West Bank,Israel-Palestine
2024-07-12,1.0,West Bank,Israel-Palestine
2024-07-13,0.0,West Bank,Israel-Palestine
2024-07-14,1.0,West Bank,Israel-Palestine
2024-07-15,0.0,West Bank,Israel-Palestine
2024-07-16,1.0,West Bank,Israel-Palestine
2024-07-17,0.0,West Bank,Israel-Palestine
2024-07-18,0.0,West Bank,Israel-Palestine
2024-07-19,2.0,West Bank,Israel-Palestine
2024-07-20,0.0,West Bank,Israel-Palestine
2024-07-21,0.0,West Bank,Israel-Palestine
2024-07-22,5.0,West Bank,Israel-Palestine
2024-07-23,4.0,West Bank,Israel-Palestine
2024-07-24,2.0,West Bank,Israel-Palestine
2024-07-25,0.0,West Bank,Israel-Palestine
2024-07-26,0.0,West Bank,Israel-Palestine
2024-07-27,2.0,West Bank,Israel-Palestine
2024-07-28,0.0,West Bank,Israel-Palestine
2024-07-29,0.0,West Bank,Israel-Palestine
2024-07-30,2.0,West Bank,Israel-Palestine
2024-07-31,0.0,West Bank,Israel-Palestine
2024-08-01,0.0,West Bank,Israel-Palestine
2024-08-02,1.0,West Bank,Israel-Palestine
2024-08-03,9.0,West Bank,Israel-Palestine
2024-08-04,1.0,West Bank,Israel-Palestine
2024-08-05,9.0,West Bank,Israel-Palestine
2024-08-06,4.0,West Bank,Israel-Palestine
2024-08-07,1.0,West Bank,Israel-Palestine
2024-08-08,0.0,West Bank,Israel-Palestine
2024-08-09,0.0,West Bank,Israel-Palestine
2024-08-10,0.0,West Bank,Israel-Palestine
2024-08-11,2.0,West Bank,Israel-Palestine
2024-08-12,1.0,West Bank,Israel-Palestine
2024-08-13,2.0,West Bank,Israel-Palestine
2024-08-14,5.0,West Bank,Israel-Palestine
2024-08-15,3.0,West Bank,Israel-Palestine
2024-08-16,0.0,West Bank,Israel-Palestine
2024-08-17,2.0,West Bank,Israel-Palestine
2024-08-18,0.0,West Bank,Israel-Palestine
2024-08-19,1.0,West Bank,Israel-Palestine
2024-08-20,1.0,West Bank,Israel-Palestine
2024-08-21,1.0,West Bank,Israel-Palestine
2024-08-22,3.0,West Bank,Israel-Palestine
2024-08-23,0.0,West Bank,Israel-Palestine
2024-08-24,0.0,West Bank,Israel-Palestine
2024-08-25,4.0,West Bank,Israel-Palestine
2024-08-26,7.0,West Bank,Israel-Palestine
2024-08-27,0.0,West Bank,Israel-Palestine
2024-08-28,16.0,West Bank,Israel-Palestine
2024-08-29,3.0,West Bank,Israel-Palestine
2024-08-30,5.0,West Bank,Israel-Palestine
2024-08-31,0.0,West Bank,Israel-Palestine
2024-09-01,4.0,West Bank,Israel-Palestine
2024-09-02,2.0,West Bank,Israel-Palestine
2024-09-03,3.0,West Bank,Israel-Palestine
2024-09-04,0.0,West Bank,Israel-Palestine
2024-09-05,6.0,West Bank,Israel-Palestine
2024-09-06,1.0,West Bank,Israel-Palestine
2024-09-07,0.0,West Bank,Israel-Palestine
2024-09-08,0.0,West Bank,Israel-Palestine
2024-09-09,0.0,West Bank,Israel-Palestine
2024-09-10,2.0,West Bank,Israel-Palestine
2024-09-11,8.0,West Bank,Israel-Palestine
2024-09-12,1.0,West Bank,Israel-Palestine
2024-09-13,0.0,West Bank,Israel-Palestine
2024-09-14,0.0,West Bank,Israel-Palestine
2024-09-15,0.0,West Bank,Israel-Palestine
2024-09-16,2.0,West Bank,Israel-Palestine
2024-09-17,1.0,West Bank,Israel-Palestine
2024-09-18,2.0,West Bank,Israel-Palestine
2024-09-19,7.0,West Bank,Israel-Palestine
2024-09-20,1.0,West Bank,Israel-Palestine
2024-09-21,0.0,West Bank,Israel-Palestine
2024-09-22,0.0,West Bank,Israel-Palestine
2024-09-23,0.0,West Bank,Israel-Palestine
2024-09-24,1.0,West Bank,Israel-Palestine
2024-09-25,1.0,West Bank,Israel-Palestine
2024-09-26,1.0,West Bank,Israel-Palestine
2024-09-27,0.0,West Bank,Israel-Palestine
2024-09-28,0.0,West Bank,Israel-Palestine
2024-09-29,0.0,West Bank,Israel-Palestine
2024-09-30,0.0,West Bank,Israel-Palestine
2024-10-01,2.0,West Bank,Israel-Palestine
2024-10-02,0.0,West Bank,Israel-Palestine
2024-10-03,19.0,West Bank,Israel-Palestine
2024-10-04,0.0,West Bank,Israel-Palestine
2024-10-05,1.0,West Bank,Israel-Palestine
2024-10-06,0.0,West Bank,Israel-Palestine
2024-10-07,1.0,West Bank,Israel-Palestine
2024-10-08,0.0,West Bank,Israel-Palestine
2024-10-09,5.0,West Bank,Israel-Palestine
2024-10-10,2.0,West Bank,Israel-Palestine
2024-10-11,0.0,West Bank,Israel-Palestine
2024-10-12,0.0,West Bank,Israel-Palestine
2024-10-13,0.0,West Bank,Israel-Palestine
2024-10-14,2.0,West Bank,Israel-Palestine
2024-10-15,0.0,West Bank,Israel-Palestine
2024-10-16,0.0,West Bank,Israel-Palestine
2024-10-17,0.0,West Bank,Israel-Palestine
2024-10-18,0.0,West Bank,Israel-Palestine
2024-10-19,0.0,West Bank,Israel-Palestine
2024-10-20,0.0,West Bank,Israel-Palestine
2024-10-21,0.0,West Bank,Israel-Palestine
2024-10-22,0.0,West Bank,Israel-Palestine
2024-10-23,0.0,West Bank,Israel-Palestine
2024-10-24,0.0,West Bank,Israel-Palestine
2024-10-25,0.0,West Bank,Israel-Palestine
2024-10-26,0.0,West Bank,Israel-Palestine
2024-10-27,0.0,West Bank,Israel-Palestine
2024-10-28,0.0,West Bank,Israel-Palestine
2024-10-29,0.0,West Bank,Israel-Palestine
2024-10-30,0.0,West Bank,Israel-Palestine
2024-10-31,0.0,West Bank,Israel-Palestine
2024-11-01,0.0,West Bank,Israel-Palestine
2024-11-02,0.0,West Bank,Israel-Palestine
2024-11-03,1.0,West Bank,Israel-Palestine
2024-11-04,0.0,West Bank,Israel-Palestine
2024-11-05,0.0,West Bank,Israel-Palestine
2024-11-06,1.0,West Bank,Israel-Palestine
2024-11-07,0.0,West Bank,Israel-Palestine
2024-11-08,0.0,West Bank,Israel-Palestine
2024-11-09,0.0,West Bank,Israel-Palestine
2024-11-10,0.0,West Bank,Israel-Palestine
2024-11-11,0.0,West Bank,Israel-Palestine
2024-11-12,0.0,West Bank,Israel-Palestine
2024-11-13,2.0,West Bank,Israel-Palestine
