report_date,verified.killed,verified.killed_cum,verified.injured,verified.injured_cum,verified.killed_children,verified.killed_children_cum,killed_cum,injured_cum,daily_killed,conflict,location,source
2023-10-07,6.0,6.0,197.0,197.0,2.0,2.0,3,23,6.0,Israel-Palestine,West Bank,TechForPalestine
2023-10-08,8.0,14.0,127.0,324.0,3.0,5.0,13,194,8.0,Israel-Palestine,West Bank,TechForPalestine
2023-10-09,4.0,18.0,88.0,412.0,0.0,5.0,15,295,4.0,Israel-Palestine,West Bank,TechForPalestine
2023-10-10,5.0,23.0,72.0,484.0,0.0,5.0,19,332,5.0,Israel-Palestine,West Bank,TechForPalestine
2023-10-11,6.0,29.0,85.0,569.0,2.0,7.0,26,427,6.0,Israel-Palestine,West Bank,TechForPalestine
2023-10-12,7.0,36.0,49.0,618.0,0.0,7.0,33,500,7.0,Israel-Palestine,West Bank,TechForPalestine
2023-10-13,17.0,53.0,613.0,1231.0,6.0,13.0,43,700,17.0,Israel-Palestine,West Bank,TechForPalestine
2023-10-14,3.0,56.0,13.0,1244.0,2.0,15.0,54,1150,3.0,Israel-Palestine,West Bank,TechForPalestine
2023-10-15,2.0,58.0,18.0,1262.0,1.0,16.0,61,1173,2.0,Israel-Palestine,West Bank,TechForPalestine
2023-10-16,2.0,60.0,23.0,1285.0,0.0,16.0,61,1176,2.0,Israel-Palestine,West Bank,TechForPalestine
2023-10-17,3.0,63.0,54.0,1339.0,0.0,16.0,61,1230,3.0,Israel-Palestine,West Bank,TechForPalestine
2023-10-18,4.0,67.0,150.0,1489.0,2.0,18.0,64,1264,4.0,Israel-Palestine,West Bank,TechForPalestine
2023-10-19,15.0,82.0,160.0,1649.0,7.0,25.0,79,1404,15.0,Israel-Palestine,West Bank,TechForPalestine
2023-10-20,2.0,84.0,88.0,1737.0,2.0,27.0,88,1404,2.0,Israel-Palestine,West Bank,TechForPalestine
2023-10-21,2.0,86.0,57.0,1794.0,0.0,27.0,88,1658,2.0,Israel-Palestine,West Bank,TechForPalestine
2023-10-22,8.0,94.0,75.0,1869.0,2.0,29.0,91,1704,8.0,Israel-Palestine,West Bank,TechForPalestine
2023-10-23,2.0,96.0,12.0,1881.0,0.0,29.0,95,1708,2.0,Israel-Palestine,West Bank,TechForPalestine
2023-10-24,1.0,97.0,9.0,1890.0,0.0,29.0,95,1803,1.0,Israel-Palestine,West Bank,TechForPalestine
2023-10-25,6.0,103.0,87.0,1977.0,4.0,33.0,102,1859,6.0,Israel-Palestine,West Bank,TechForPalestine
2023-10-26,2.0,105.0,31.0,2008.0,1.0,34.0,103,1916,2.0,Israel-Palestine,West Bank,TechForPalestine
2023-10-27,4.0,109.0,91.0,2099.0,1.0,35.0,108,1970,4.0,Israel-Palestine,West Bank,TechForPalestine
2023-10-28,1.0,110.0,31.0,2130.0,0.0,35.0,109,2011,1.0,Israel-Palestine,West Bank,TechForPalestine
2023-10-29,5.0,115.0,74.0,2204.0,0.0,35.0,115,2150,5.0,Israel-Palestine,West Bank,TechForPalestine
2023-10-30,7.0,122.0,70.0,2274.0,2.0,37.0,121,2158,7.0,Israel-Palestine,West Bank,TechForPalestine
2023-10-31,3.0,125.0,25.0,2299.0,2.0,39.0,123,2159,3.0,Israel-Palestine,West Bank,TechForPalestine
2023-11-01,4.0,129.0,29.0,2328.0,0.0,39.0,128,2214,4.0,Israel-Palestine,West Bank,TechForPalestine
2023-11-02,9.0,138.0,43.0,2371.0,3.0,42.0,132,2221,9.0,Israel-Palestine,West Bank,TechForPalestine
2023-11-03,7.0,145.0,24.0,2395.0,2.0,44.0,135,2309,7.0,Israel-Palestine,West Bank,TechForPalestine
2023-11-04,1.0,146.0,14.0,2409.0,0.0,44.0,136,2362,1.0,Israel-Palestine,West Bank,TechForPalestine
2023-11-05,5.0,151.0,21.0,2430.0,1.0,45.0,141,2386,5.0,Israel-Palestine,West Bank,TechForPalestine
2023-11-06,7.0,158.0,24.0,2454.0,1.0,46.0,147,2404,7.0,Israel-Palestine,West Bank,TechForPalestine
2023-11-07,2.0,160.0,24.0,2478.0,0.0,46.0,150,2439,2.0,Israel-Palestine,West Bank,TechForPalestine
2023-11-08,1.0,161.0,122.0,2600.0,0.0,46.0,150,2461,1.0,Israel-Palestine,West Bank,TechForPalestine
2023-11-09,18.0,179.0,94.0,2694.0,4.0,50.0,167,2558,18.0,Israel-Palestine,West Bank,TechForPalestine
2023-11-10,1.0,180.0,6.0,2700.0,1.0,51.0,168,2618,1.0,Israel-Palestine,West Bank,TechForPalestine
2023-11-11,2.0,182.0,22.0,2722.0,0.0,51.0,169,2630,2.0,Israel-Palestine,West Bank,TechForPalestine
2023-11-12,1.0,183.0,9.0,2731.0,0.0,51.0,172,2630,1.0,Israel-Palestine,West Bank,TechForPalestine
2023-11-13,8.0,191.0,27.0,2758.0,0.0,51.0,173,2630,8.0,Israel-Palestine,West Bank,TechForPalestine
2023-11-14,2.0,193.0,8.0,2766.0,1.0,52.0,182,2654,2.0,Israel-Palestine,West Bank,TechForPalestine
2023-11-15,0.0,193.0,4.0,2770.0,0.0,52.0,183,2659,0.0,Israel-Palestine,West Bank,TechForPalestine
2023-11-16,6.0,199.0,28.0,2798.0,0.0,52.0,186,2665,6.0,Israel-Palestine,West Bank,TechForPalestine
2023-11-17,2.0,201.0,14.0,2812.0,0.0,52.0,191,2688,2.0,Israel-Palestine,West Bank,TechForPalestine
2023-11-18,6.0,207.0,90.0,2902.0,1.0,53.0,198,2782,6.0,Israel-Palestine,West Bank,TechForPalestine
2023-11-19,2.0,209.0,25.0,2927.0,0.0,53.0,200,2807,2.0,Israel-Palestine,West Bank,TechForPalestine
2023-11-20,2.0,211.0,8.0,2935.0,0.0,53.0,201,2815,2.0,Israel-Palestine,West Bank,TechForPalestine
2023-11-21,7.0,218.0,16.0,2951.0,0.0,53.0,201,2818,7.0,Israel-Palestine,West Bank,TechForPalestine
2023-11-22,3.0,221.0,38.0,2989.0,1.0,54.0,209,2836,3.0,Israel-Palestine,West Bank,TechForPalestine
2023-11-23,2.0,223.0,13.0,3002.0,1.0,55.0,211,2874,2.0,Israel-Palestine,West Bank,TechForPalestine
2023-11-24,2.0,225.0,39.0,3041.0,0.0,55.0,213,2885,2.0,Israel-Palestine,West Bank,TechForPalestine
2023-11-25,7.0,232.0,46.0,3087.0,4.0,59.0,215,2885,7.0,Israel-Palestine,West Bank,TechForPalestine
2023-11-26,1.0,233.0,126.0,3213.0,0.0,59.0,222,2995,1.0,Israel-Palestine,West Bank,TechForPalestine
2023-11-27,0.0,233.0,5.0,3218.0,0.0,59.0,231,3184,0.0,Israel-Palestine,West Bank,TechForPalestine
2023-11-28,7.0,240.0,36.0,3254.0,4.0,63.0,232,3192,7.0,Israel-Palestine,West Bank,TechForPalestine
2023-11-29,0.0,240.0,13.0,3267.0,0.0,63.0,238,3224,0.0,Israel-Palestine,West Bank,TechForPalestine
2023-11-30,2.0,242.0,52.0,3319.0,0.0,63.0,241,3283,2.0,Israel-Palestine,West Bank,TechForPalestine
2023-12-01,0.0,242.0,44.0,3363.0,0.0,63.0,241,3327,0.0,Israel-Palestine,West Bank,TechForPalestine
2023-12-02,3.0,245.0,49.0,3412.0,2.0,65.0,243,3368,3.0,Israel-Palestine,West Bank,TechForPalestine
2023-12-03,1.0,246.0,3.0,3415.0,0.0,65.0,244,3379,1.0,Israel-Palestine,West Bank,TechForPalestine
2023-12-04,5.0,251.0,37.0,3452.0,0.0,65.0,246,3415,5.0,Israel-Palestine,West Bank,TechForPalestine
2023-12-05,1.0,252.0,30.0,3482.0,0.0,65.0,249,3427,1.0,Israel-Palestine,West Bank,TechForPalestine
2023-12-06,5.0,257.0,27.0,3509.0,2.0,67.0,253,3443,5.0,Israel-Palestine,West Bank,TechForPalestine
2023-12-07,1.0,258.0,35.0,3544.0,0.0,67.0,256,3470,1.0,Israel-Palestine,West Bank,TechForPalestine
2023-12-08,6.0,264.0,36.0,3580.0,1.0,68.0,263,3489,6.0,Israel-Palestine,West Bank,TechForPalestine
2023-12-09,3.0,267.0,29.0,3609.0,1.0,69.0,265,3533,3.0,Israel-Palestine,West Bank,TechForPalestine
2023-12-10,0.0,267.0,9.0,3618.0,0.0,69.0,265,3533,0.0,Israel-Palestine,West Bank,TechForPalestine
2023-12-11,0.0,267.0,5.0,3623.0,0.0,69.0,265,3574,0.0,Israel-Palestine,West Bank,TechForPalestine
2023-12-12,11.0,278.0,106.0,3729.0,3.0,72.0,271,3584,11.0,Israel-Palestine,West Bank,TechForPalestine
2023-12-13,0.0,278.0,5.0,3734.0,0.0,72.0,271,3591,0.0,Israel-Palestine,West Bank,TechForPalestine
2023-12-14,0.0,278.0,17.0,3751.0,0.0,72.0,276,3605,0.0,Israel-Palestine,West Bank,TechForPalestine
2023-12-15,1.0,279.0,9.0,3760.0,0.0,72.0,278,3710,1.0,Israel-Palestine,West Bank,TechForPalestine
2023-12-16,8.0,287.0,10.0,3770.0,1.0,73.0,278,3710,8.0,Israel-Palestine,West Bank,TechForPalestine
2023-12-17,1.0,288.0,8.0,3778.0,0.0,73.0,290,3710,1.0,Israel-Palestine,West Bank,TechForPalestine
2023-12-18,4.0,292.0,11.0,3789.0,2.0,75.0,291,3740,4.0,Israel-Palestine,West Bank,TechForPalestine
2023-12-19,0.0,292.0,20.0,3809.0,0.0,75.0,291,3765,0.0,Israel-Palestine,West Bank,TechForPalestine
2023-12-20,2.0,294.0,20.0,3829.0,1.0,76.0,291,3771,2.0,Israel-Palestine,West Bank,TechForPalestine
2023-12-21,0.0,294.0,53.0,3882.0,0.0,76.0,293,3907,0.0,Israel-Palestine,West Bank,TechForPalestine
2023-12-22,0.0,294.0,8.0,3890.0,0.0,76.0,293,3907,0.0,Israel-Palestine,West Bank,TechForPalestine
2023-12-23,0.0,294.0,1.0,3891.0,0.0,76.0,293,3907,0.0,Israel-Palestine,West Bank,TechForPalestine
2023-12-24,0.0,294.0,4.0,3895.0,0.0,76.0,293,3907,0.0,Israel-Palestine,West Bank,TechForPalestine
2023-12-25,0.0,294.0,11.0,3906.0,0.0,76.0,293,3907,0.0,Israel-Palestine,West Bank,TechForPalestine
2023-12-26,2.0,296.0,4.0,3910.0,1.0,77.0,295,3909,2.0,Israel-Palestine,West Bank,TechForPalestine
2023-12-27,7.0,303.0,16.0,3926.0,2.0,79.0,300,3909,7.0,Israel-Palestine,West Bank,TechForPalestine
2023-12-28,4.0,307.0,33.0,3959.0,0.0,79.0,304,3915,4.0,Israel-Palestine,West Bank,TechForPalestine
2023-12-29,2.0,309.0,29.0,3988.0,2.0,81.0,307,3925,2.0,Israel-Palestine,West Bank,TechForPalestine
2023-12-30,1.0,310.0,3.0,3991.0,0.0,81.0,307,3925,1.0,Israel-Palestine,West Bank,TechForPalestine
2023-12-31,0.0,310.0,27.0,4018.0,0.0,81.0,307,3925,0.0,Israel-Palestine,West Bank,TechForPalestine
2024-01-01,0.0,310.0,0.0,4018.0,0.0,81.0,307,3925,0.0,Israel-Palestine,West Bank,TechForPalestine
2024-01-02,4.0,314.0,12.0,4030.0,0.0,81.0,313,4052,4.0,Israel-Palestine,West Bank,TechForPalestine
2024-01-03,0.0,314.0,30.0,4060.0,0.0,81.0,313,4052,0.0,Israel-Palestine,West Bank,TechForPalestine
2024-01-04,1.0,315.0,5.0,4065.0,0.0,81.0,314,4052,1.0,Israel-Palestine,West Bank,TechForPalestine
2024-01-05,1.0,316.0,6.0,4071.0,1.0,82.0,315,4052,1.0,Israel-Palestine,West Bank,TechForPalestine
2024-01-06,7.0,323.0,10.0,4081.0,1.0,83.0,322,4052,7.0,Israel-Palestine,West Bank,TechForPalestine
2024-01-07,4.0,327.0,16.0,4097.0,1.0,84.0,326,4052,4.0,Israel-Palestine,West Bank,TechForPalestine
2024-01-08,3.0,330.0,16.0,4113.0,0.0,84.0,329,4068,3.0,Israel-Palestine,West Bank,TechForPalestine
2024-01-09,1.0,331.0,19.0,4132.0,0.0,84.0,330,4097,1.0,Israel-Palestine,West Bank,TechForPalestine
2024-01-10,1.0,332.0,56.0,4188.0,0.0,84.0,331,4148,1.0,Israel-Palestine,West Bank,TechForPalestine
2024-01-11,1.0,333.0,2.0,4190.0,0.0,84.0,332,4157,1.0,Israel-Palestine,West Bank,TechForPalestine
2024-01-12,4.0,337.0,3.0,4193.0,1.0,85.0,333,4176,4.0,Israel-Palestine,West Bank,TechForPalestine
2024-01-13,0.0,337.0,19.0,4212.0,0.0,85.0,333,4176,0.0,Israel-Palestine,West Bank,TechForPalestine
2024-01-14,5.0,342.0,7.0,4219.0,3.0,88.0,339,4197,5.0,Israel-Palestine,West Bank,TechForPalestine
2024-01-15,3.0,345.0,19.0,4238.0,0.0,88.0,344,4212,3.0,Israel-Palestine,West Bank,TechForPalestine
2024-01-16,0.0,345.0,16.0,4254.0,0.0,88.0,344,4215,0.0,Israel-Palestine,West Bank,TechForPalestine
2024-01-17,13.0,358.0,58.0,4312.0,3.0,91.0,355,4234,13.0,Israel-Palestine,West Bank,TechForPalestine
2024-01-18,0.0,358.0,13.0,4325.0,0.0,91.0,357,4252,0.0,Israel-Palestine,West Bank,TechForPalestine
2024-01-19,1.0,359.0,9.0,4334.0,1.0,92.0,358,4310,1.0,Israel-Palestine,West Bank,TechForPalestine
2024-01-20,0.0,359.0,5.0,4339.0,0.0,92.0,358,4310,0.0,Israel-Palestine,West Bank,TechForPalestine
2024-01-21,0.0,359.0,6.0,4345.0,0.0,92.0,358,4313,0.0,Israel-Palestine,West Bank,TechForPalestine
2024-01-22,1.0,360.0,15.0,4360.0,1.0,93.0,358,4334,1.0,Israel-Palestine,West Bank,TechForPalestine
2024-01-23,1.0,361.0,5.0,4365.0,0.0,93.0,360,4348,1.0,Israel-Palestine,West Bank,TechForPalestine
2024-01-24,0.0,361.0,4.0,4369.0,0.0,93.0,360,4353,0.0,Israel-Palestine,West Bank,TechForPalestine
2024-01-25,1.0,362.0,3.0,4372.0,0.0,93.0,361,4354,1.0,Israel-Palestine,West Bank,TechForPalestine
2024-01-26,1.0,363.0,3.0,4375.0,0.0,93.0,361,4358,1.0,Israel-Palestine,West Bank,TechForPalestine
2024-01-27,,,,,,,361,4358,,Israel-Palestine,West Bank,TechForPalestine
2024-01-28,0.0,363.0,5.0,4380.0,0.0,93.0,362,4366,0.0,Israel-Palestine,West Bank,TechForPalestine
2024-01-29,5.0,368.0,9.0,4389.0,1.0,94.0,367,4382,5.0,Israel-Palestine,West Bank,TechForPalestine
2024-01-30,3.0,371.0,1.0,4390.0,0.0,94.0,370,4386,3.0,Israel-Palestine,West Bank,TechForPalestine
2024-01-31,0.0,371.0,1.0,4391.0,0.0,94.0,370,4387,0.0,Israel-Palestine,West Bank,TechForPalestine
2024-02-01,0.0,371.0,7.0,4398.0,0.0,94.0,372,4391,0.0,Israel-Palestine,West Bank,TechForPalestine
2024-02-02,0.0,371.0,2.0,4400.0,0.0,94.0,372,4391,0.0,Israel-Palestine,West Bank,TechForPalestine
2024-02-03,0.0,371.0,12.0,4412.0,0.0,94.0,372,4391,0.0,Israel-Palestine,West Bank,TechForPalestine
2024-02-04,0.0,371.0,5.0,4417.0,0.0,94.0,372,4408,0.0,Israel-Palestine,West Bank,TechForPalestine
2024-02-05,1.0,372.0,2.0,4419.0,1.0,95.0,373,4415,1.0,Israel-Palestine,West Bank,TechForPalestine
2024-02-06,1.0,373.0,1.0,4420.0,0.0,95.0,374,4417,1.0,Israel-Palestine,West Bank,TechForPalestine
2024-02-07,3.0,376.0,12.0,4432.0,0.0,95.0,377,4426,3.0,Israel-Palestine,West Bank,TechForPalestine
2024-02-08,2.0,378.0,19.0,4451.0,0.0,95.0,383,4433,2.0,Israel-Palestine,West Bank,TechForPalestine
2024-02-09,1.0,379.0,6.0,4457.0,1.0,96.0,384,4443,1.0,Israel-Palestine,West Bank,TechForPalestine
2024-02-10,1.0,380.0,10.0,4467.0,1.0,97.0,385,4443,1.0,Israel-Palestine,West Bank,TechForPalestine
2024-02-11,1.0,381.0,1.0,4468.0,0.0,97.0,385,4444,1.0,Israel-Palestine,West Bank,TechForPalestine
2024-02-12,1.0,382.0,7.0,4475.0,1.0,98.0,385,4444,1.0,Israel-Palestine,West Bank,TechForPalestine
2024-02-13,1.0,383.0,3.0,4478.0,0.0,98.0,388,4475,1.0,Israel-Palestine,West Bank,TechForPalestine
2024-02-14,1.0,384.0,20.0,4498.0,1.0,99.0,388,4475,1.0,Israel-Palestine,West Bank,TechForPalestine
2024-02-15,0.0,384.0,6.0,4504.0,0.0,99.0,389,4499,0.0,Israel-Palestine,West Bank,TechForPalestine
2024-02-16,0.0,384.0,4.0,4508.0,0.0,99.0,389,4503,0.0,Israel-Palestine,West Bank,TechForPalestine
2024-02-17,0.0,384.0,2.0,4510.0,0.0,99.0,389,4503,0.0,Israel-Palestine,West Bank,TechForPalestine
2024-02-18,3.0,387.0,6.0,4516.0,0.0,99.0,392,4503,3.0,Israel-Palestine,West Bank,TechForPalestine
2024-02-19,0.0,387.0,5.0,4521.0,0.0,99.0,393,4511,0.0,Israel-Palestine,West Bank,TechForPalestine
2024-02-20,1.0,388.0,2.0,4523.0,0.0,99.0,393,4522,1.0,Israel-Palestine,West Bank,TechForPalestine
2024-02-21,1.0,389.0,1.0,4524.0,1.0,100.0,394,4528,1.0,Israel-Palestine,West Bank,TechForPalestine
2024-02-22,4.0,393.0,42.0,4566.0,1.0,101.0,397,4530,4.0,Israel-Palestine,West Bank,TechForPalestine
2024-02-23,0.0,393.0,10.0,4576.0,0.0,101.0,399,4545,0.0,Israel-Palestine,West Bank,TechForPalestine
2024-02-24,0.0,393.0,3.0,4579.0,0.0,101.0,399,4545,0.0,Israel-Palestine,West Bank,TechForPalestine
2024-02-25,0.0,393.0,13.0,4592.0,0.0,101.0,399,4545,0.0,Israel-Palestine,West Bank,TechForPalestine
2024-02-26,3.0,396.0,4.0,4596.0,0.0,101.0,400,4575,3.0,Israel-Palestine,West Bank,TechForPalestine
2024-02-27,2.0,398.0,1.0,4597.0,0.0,101.0,403,4590,2.0,Israel-Palestine,West Bank,TechForPalestine
2024-02-28,0.0,398.0,8.0,4605.0,0.0,101.0,404,4592,0.0,Israel-Palestine,West Bank,TechForPalestine
2024-02-29,5.0,403.0,9.0,4614.0,1.0,102.0,406,4606,5.0,Israel-Palestine,West Bank,TechForPalestine
2024-03-01,0.0,403.0,1.0,4615.0,0.0,102.0,409,4611,0.0,Israel-Palestine,West Bank,TechForPalestine
2024-03-02,2.0,405.0,4.0,4619.0,2.0,104.0,411,4612,2.0,Israel-Palestine,West Bank,TechForPalestine
2024-03-03,0.0,405.0,1.0,4620.0,0.0,104.0,411,4612,0.0,Israel-Palestine,West Bank,TechForPalestine
2024-03-04,2.0,407.0,22.0,4642.0,1.0,105.0,412,4623,2.0,Israel-Palestine,West Bank,TechForPalestine
2024-03-05,2.0,409.0,6.0,4648.0,1.0,106.0,413,4645,2.0,Israel-Palestine,West Bank,TechForPalestine
2024-03-06,1.0,410.0,8.0,4656.0,0.0,106.0,415,4648,1.0,Israel-Palestine,West Bank,TechForPalestine
2024-03-07,0.0,410.0,5.0,4661.0,0.0,106.0,416,4658,0.0,Israel-Palestine,West Bank,TechForPalestine
2024-03-08,1.0,411.0,5.0,4666.0,0.0,106.0,417,4665,1.0,Israel-Palestine,West Bank,TechForPalestine
2024-03-09,0.0,411.0,3.0,4669.0,0.0,106.0,417,4665,0.0,Israel-Palestine,West Bank,TechForPalestine
2024-03-10,0.0,411.0,1.0,4670.0,0.0,106.0,417,4665,0.0,Israel-Palestine,West Bank,TechForPalestine
2024-03-11,2.0,413.0,6.0,4676.0,0.0,106.0,417,4665,2.0,Israel-Palestine,West Bank,TechForPalestine
2024-03-12,3.0,416.0,7.0,4683.0,2.0,108.0,417,4665,3.0,Israel-Palestine,West Bank,TechForPalestine
2024-03-13,3.0,419.0,4.0,4687.0,1.0,109.0,418,4680,3.0,Israel-Palestine,West Bank,TechForPalestine
2024-03-14,0.0,419.0,0.0,4687.0,0.0,109.0,418,4690,0.0,Israel-Palestine,West Bank,TechForPalestine
2024-03-15,1.0,420.0,1.0,4688.0,0.0,109.0,418,4690,1.0,Israel-Palestine,West Bank,TechForPalestine
2024-03-16,1.0,421.0,0.0,4688.0,0.0,109.0,419,4690,1.0,Israel-Palestine,West Bank,TechForPalestine
2024-03-17,0.0,421.0,1.0,4689.0,0.0,109.0,419,4690,0.0,Israel-Palestine,West Bank,TechForPalestine
2024-03-18,0.0,421.0,0.0,4689.0,0.0,109.0,419,4690,0.0,Israel-Palestine,West Bank,TechForPalestine
2024-03-19,2.0,423.0,0.0,4689.0,0.0,109.0,420,4690,2.0,Israel-Palestine,West Bank,TechForPalestine
2024-03-20,7.0,430.0,6.0,4695.0,0.0,109.0,422,4690,7.0,Israel-Palestine,West Bank,TechForPalestine
2024-03-21,4.0,434.0,7.0,4702.0,0.0,109.0,431,4690,4.0,Israel-Palestine,West Bank,TechForPalestine
2024-03-22,2.0,436.0,5.0,4707.0,0.0,109.0,434,4700,2.0,Israel-Palestine,West Bank,TechForPalestine
2024-03-23,0.0,436.0,0.0,4707.0,0.0,109.0,434,4700,0.0,Israel-Palestine,West Bank,TechForPalestine
2024-03-24,0.0,436.0,5.0,4712.0,0.0,109.0,434,4700,0.0,Israel-Palestine,West Bank,TechForPalestine
2024-03-25,0.0,436.0,9.0,4721.0,0.0,109.0,434,4700,0.0,Israel-Palestine,West Bank,TechForPalestine
2024-03-26,0.0,436.0,3.0,4724.0,0.0,109.0,434,4700,0.0,Israel-Palestine,West Bank,TechForPalestine
2024-03-27,4.0,440.0,9.0,4733.0,0.0,109.0,442,4700,4.0,Israel-Palestine,West Bank,TechForPalestine
2024-03-28,0.0,440.0,11.0,4744.0,0.0,109.0,442,4700,0.0,Israel-Palestine,West Bank,TechForPalestine
2024-03-29,0.0,440.0,0.0,4744.0,0.0,109.0,442,4700,0.0,Israel-Palestine,West Bank,TechForPalestine
2024-03-30,1.0,441.0,9.0,4753.0,1.0,110.0,443,4700,1.0,Israel-Palestine,West Bank,TechForPalestine
2024-03-31,0.0,441.0,1.0,4754.0,0.0,110.0,444,4700,0.0,Israel-Palestine,West Bank,TechForPalestine
2024-04-01,0.0,441.0,2.0,4756.0,0.0,110.0,444,4760,0.0,Israel-Palestine,West Bank,TechForPalestine
2024-04-02,1.0,442.0,5.0,4761.0,0.0,110.0,444,4760,1.0,Israel-Palestine,West Bank,TechForPalestine
2024-04-03,0.0,442.0,1.0,4762.0,0.0,110.0,444,4760,0.0,Israel-Palestine,West Bank,TechForPalestine
2024-04-04,1.0,443.0,5.0,4767.0,0.0,110.0,444,4760,1.0,Israel-Palestine,West Bank,TechForPalestine
2024-04-05,1.0,444.0,6.0,4773.0,0.0,110.0,444,4760,1.0,Israel-Palestine,West Bank,TechForPalestine
2024-04-06,0.0,444.0,18.0,4791.0,0.0,110.0,444,4760,0.0,Israel-Palestine,West Bank,TechForPalestine
2024-04-07,0.0,444.0,3.0,4794.0,0.0,110.0,444,4760,0.0,Israel-Palestine,West Bank,TechForPalestine
2024-04-08,1.0,445.0,2.0,4796.0,0.0,110.0,444,4760,1.0,Israel-Palestine,West Bank,TechForPalestine
2024-04-09,0.0,445.0,1.0,4797.0,0.0,110.0,444,4760,0.0,Israel-Palestine,West Bank,TechForPalestine
2024-04-10,0.0,445.0,7.0,4804.0,0.0,110.0,444,4760,0.0,Israel-Palestine,West Bank,TechForPalestine
2024-04-11,0.0,445.0,0.0,4804.0,0.0,110.0,444,4760,0.0,Israel-Palestine,West Bank,TechForPalestine
2024-04-12,3.0,448.0,36.0,4840.0,0.0,110.0,444,4800,3.0,Israel-Palestine,West Bank,TechForPalestine
2024-04-13,1.0,449.0,25.0,4865.0,1.0,111.0,446,4845,1.0,Israel-Palestine,West Bank,TechForPalestine
2024-04-14,0.0,449.0,10.0,4875.0,0.0,111.0,446,4845,0.0,Israel-Palestine,West Bank,TechForPalestine
2024-04-15,3.0,452.0,15.0,4890.0,1.0,112.0,447,4845,3.0,Israel-Palestine,West Bank,TechForPalestine
2024-04-16,0.0,452.0,2.0,4892.0,0.0,112.0,447,4845,0.0,Israel-Palestine,West Bank,TechForPalestine
2024-04-17,0.0,452.0,2.0,4894.0,0.0,112.0,455,4890,0.0,Israel-Palestine,West Bank,TechForPalestine
2024-04-18,14.0,466.0,50.0,4944.0,3.0,115.0,455,4890,14.0,Israel-Palestine,West Bank,TechForPalestine
2024-04-19,0.0,466.0,6.0,4950.0,0.0,115.0,455,4890,0.0,Israel-Palestine,West Bank,TechForPalestine
2024-04-20,1.0,467.0,3.0,4953.0,0.0,115.0,469,4890,1.0,Israel-Palestine,West Bank,TechForPalestine
2024-04-21,3.0,470.0,6.0,4959.0,0.0,115.0,469,4890,3.0,Israel-Palestine,West Bank,TechForPalestine
2024-04-22,0.0,470.0,6.0,4965.0,0.0,115.0,469,4890,0.0,Israel-Palestine,West Bank,TechForPalestine
2024-04-23,1.0,471.0,5.0,4970.0,0.0,115.0,469,4890,1.0,Israel-Palestine,West Bank,TechForPalestine
2024-04-24,1.0,472.0,0.0,4970.0,0.0,115.0,469,4890,1.0,Israel-Palestine,West Bank,TechForPalestine
2024-04-25,1.0,473.0,1.0,4971.0,1.0,116.0,470,4974,1.0,Israel-Palestine,West Bank,TechForPalestine
2024-04-26,0.0,473.0,0.0,4971.0,0.0,116.0,470,4974,0.0,Israel-Palestine,West Bank,TechForPalestine
2024-04-27,2.0,475.0,2.0,4973.0,0.0,116.0,472,4974,2.0,Israel-Palestine,West Bank,TechForPalestine
2024-04-28,0.0,475.0,1.0,4974.0,0.0,116.0,472,4974,0.0,Israel-Palestine,West Bank,TechForPalestine
2024-04-29,0.0,475.0,5.0,4979.0,0.0,116.0,472,4974,0.0,Israel-Palestine,West Bank,TechForPalestine
2024-04-30,0.0,475.0,2.0,4981.0,0.0,116.0,472,4974,0.0,Israel-Palestine,West Bank,TechForPalestine
2024-05-01,4.0,479.0,1.0,4982.0,0.0,116.0,474,5000,4.0,Israel-Palestine,West Bank,TechForPalestine
2024-05-02,0.0,479.0,3.0,4985.0,0.0,116.0,474,5000,0.0,Israel-Palestine,West Bank,TechForPalestine
2024-05-03,0.0,479.0,2.0,4987.0,0.0,116.0,474,5000,0.0,Israel-Palestine,West Bank,TechForPalestine
2024-05-04,0.0,479.0,8.0,4995.0,0.0,116.0,479,5000,0.0,Israel-Palestine,West Bank,TechForPalestine
2024-05-05,0.0,479.0,5.0,5000.0,0.0,116.0,479,5000,0.0,Israel-Palestine,West Bank,TechForPalestine
2024-05-06,1.0,480.0,,5015.0,0.0,116.0,479,5000,1.0,Israel-Palestine,West Bank,TechForPalestine
2024-05-07,,,,,,,479,5000,,Israel-Palestine,West Bank,TechForPalestine
2024-05-08,0.0,480.0,0.0,5015.0,0.0,116.0,480,5000,0.0,Israel-Palestine,West Bank,TechForPalestine
2024-05-09,0.0,480.0,4.0,5019.0,0.0,116.0,480,5000,0.0,Israel-Palestine,West Bank,TechForPalestine
2024-05-10,0.0,480.0,0.0,5019.0,0.0,116.0,480,5000,0.0,Israel-Palestine,West Bank,TechForPalestine
2024-05-11,0.0,480.0,0.0,5019.0,0.0,116.0,480,5000,0.0,Israel-Palestine,West Bank,TechForPalestine
2024-05-12,1.0,481.0,8.0,5027.0,0.0,116.0,480,5000,1.0,Israel-Palestine,West Bank,TechForPalestine
2024-05-13,0.0,481.0,14.0,5041.0,0.0,116.0,480,5000,0.0,Israel-Palestine,West Bank,TechForPalestine
2024-05-14,0.0,481.0,3.0,5044.0,0.0,116.0,480,5000,0.0,Israel-Palestine,West Bank,TechForPalestine
2024-05-15,4.0,485.0,3.0,5047.0,0.0,116.0,480,5040,4.0,Israel-Palestine,West Bank,TechForPalestine
2024-05-16,1.0,486.0,9.0,5056.0,1.0,117.0,480,5040,1.0,Israel-Palestine,West Bank,TechForPalestine
2024-05-17,3.0,489.0,16.0,5072.0,0.0,117.0,480,5040,3.0,Israel-Palestine,West Bank,TechForPalestine
2024-05-18,0.0,489.0,3.0,5075.0,0.0,117.0,480,5040,0.0,Israel-Palestine,West Bank,TechForPalestine
2024-05-19,1.0,490.0,1.0,5076.0,0.0,117.0,480,5040,1.0,Israel-Palestine,West Bank,TechForPalestine
2024-05-20,0.0,490.0,3.0,5079.0,0.0,117.0,489,5100,0.0,Israel-Palestine,West Bank,TechForPalestine
2024-05-21,12.0,502.0,23.0,5102.0,4.0,121.0,489,5100,12.0,Israel-Palestine,West Bank,TechForPalestine
2024-05-22,0.0,502.0,0.0,5102.0,0.0,121.0,497,5100,0.0,Israel-Palestine,West Bank,TechForPalestine
2024-05-23,0.0,502.0,3.0,5105.0,0.0,121.0,497,5100,0.0,Israel-Palestine,West Bank,TechForPalestine
2024-05-24,0.0,502.0,2.0,5107.0,0.0,121.0,497,5100,0.0,Israel-Palestine,West Bank,TechForPalestine
2024-05-25,0.0,502.0,6.0,5113.0,0.0,121.0,497,5100,0.0,Israel-Palestine,West Bank,TechForPalestine
2024-05-26,1.0,503.0,5.0,5118.0,1.0,122.0,497,5100,1.0,Israel-Palestine,West Bank,TechForPalestine
2024-05-27,0.0,503.0,5.0,5123.0,0.0,122.0,502,5135,0.0,Israel-Palestine,West Bank,TechForPalestine
2024-05-28,0.0,503.0,7.0,5130.0,0.0,122.0,502,5135,0.0,Israel-Palestine,West Bank,TechForPalestine
2024-05-29,0.0,503.0,2.0,5132.0,0.0,122.0,502,5135,0.0,Israel-Palestine,West Bank,TechForPalestine
2024-05-30,1.0,504.0,14.0,5146.0,0.0,122.0,502,5135,1.0,Israel-Palestine,West Bank,TechForPalestine
2024-05-31,0.0,504.0,1.0,5147.0,0.0,122.0,502,5135,0.0,Israel-Palestine,West Bank,TechForPalestine
2024-06-01,0.0,504.0,6.0,5153.0,0.0,122.0,502,5135,0.0,Israel-Palestine,West Bank,TechForPalestine
2024-06-02,2.0,506.0,2.0,5155.0,2.0,124.0,502,5135,2.0,Israel-Palestine,West Bank,TechForPalestine
2024-06-03,3.0,509.0,9.0,5164.0,0.0,124.0,508,5150,3.0,Israel-Palestine,West Bank,TechForPalestine
2024-06-04,0.0,509.0,3.0,5167.0,0.0,124.0,508,5150,0.0,Israel-Palestine,West Bank,TechForPalestine
2024-06-05,0.0,509.0,7.0,5174.0,0.0,124.0,508,5150,0.0,Israel-Palestine,West Bank,TechForPalestine
2024-06-06,4.0,513.0,25.0,5199.0,1.0,125.0,508,5150,4.0,Israel-Palestine,West Bank,TechForPalestine
2024-06-07,,519.0,,5206.0,,130.0,508,5150,,Israel-Palestine,West Bank,TechForPalestine
2024-06-08,1.0,520.0,14.0,5220.0,0.0,130.0,508,5150,1.0,Israel-Palestine,West Bank,TechForPalestine
2024-06-09,0.0,520.0,9.0,5229.0,0.0,130.0,508,5150,0.0,Israel-Palestine,West Bank,TechForPalestine
2024-06-10,6.0,526.0,15.0,5244.0,1.0,131.0,521,5200,6.0,Israel-Palestine,West Bank,TechForPalestine
2024-06-11,6.0,532.0,12.0,5256.0,1.0,132.0,527,5200,6.0,Israel-Palestine,West Bank,TechForPalestine
2024-06-12,0.0,532.0,3.0,5259.0,0.0,132.0,527,5200,0.0,Israel-Palestine,West Bank,TechForPalestine
2024-06-13,3.0,535.0,4.0,5263.0,0.0,132.0,527,5200,3.0,Israel-Palestine,West Bank,TechForPalestine
2024-06-14,0.0,535.0,16.0,5279.0,0.0,132.0,527,5200,0.0,Israel-Palestine,West Bank,TechForPalestine
2024-06-15,1.0,536.0,6.0,5285.0,1.0,133.0,527,5200,1.0,Israel-Palestine,West Bank,TechForPalestine
2024-06-16,0.0,536.0,3.0,5288.0,0.0,133.0,527,5200,0.0,Israel-Palestine,West Bank,TechForPalestine
2024-06-17,0.0,536.0,16.0,5304.0,0.0,133.0,527,5200,0.0,Israel-Palestine,West Bank,TechForPalestine
2024-06-18,1.0,537.0,11.0,5315.0,0.0,133.0,536,5218,1.0,Israel-Palestine,West Bank,TechForPalestine
2024-06-19,0.0,537.0,18.0,5333.0,0.0,133.0,536,5218,0.0,Israel-Palestine,West Bank,TechForPalestine
2024-06-20,1.0,538.0,1.0,5334.0,1.0,134.0,536,5218,1.0,Israel-Palestine,West Bank,TechForPalestine
2024-06-21,2.0,540.0,4.0,5338.0,0.0,134.0,536,5218,2.0,Israel-Palestine,West Bank,TechForPalestine
2024-06-22,1.0,541.0,14.0,5352.0,1.0,135.0,536,5218,1.0,Israel-Palestine,West Bank,TechForPalestine
2024-06-23,0.0,541.0,15.0,5367.0,0.0,135.0,536,5218,0.0,Israel-Palestine,West Bank,TechForPalestine
2024-06-24,0.0,541.0,6.0,5373.0,0.0,135.0,536,5370,0.0,Israel-Palestine,West Bank,TechForPalestine
2024-06-25,0.0,541.0,3.0,5376.0,0.0,135.0,536,5370,0.0,Israel-Palestine,West Bank,TechForPalestine
2024-06-26,0.0,541.0,6.0,5382.0,0.0,135.0,536,5370,0.0,Israel-Palestine,West Bank,TechForPalestine
2024-06-27,0.0,541.0,4.0,5386.0,0.0,135.0,536,5370,0.0,Israel-Palestine,West Bank,TechForPalestine
2024-06-28,0.0,541.0,2.0,5388.0,0.0,135.0,536,5370,0.0,Israel-Palestine,West Bank,TechForPalestine
2024-06-29,0.0,541.0,5.0,5393.0,0.0,135.0,536,5370,0.0,Israel-Palestine,West Bank,TechForPalestine
2024-06-30,1.0,542.0,7.0,5400.0,0.0,135.0,536,5370,1.0,Israel-Palestine,West Bank,TechForPalestine
2024-07-01,2.0,544.0,16.0,5416.0,1.0,136.0,539,5420,2.0,Israel-Palestine,West Bank,TechForPalestine
2024-07-02,4.0,548.0,11.0,5427.0,0.0,136.0,539,5420,4.0,Israel-Palestine,West Bank,TechForPalestine
2024-07-03,1.0,549.0,24.0,5451.0,0.0,136.0,539,5420,1.0,Israel-Palestine,West Bank,TechForPalestine
2024-07-04,0.0,549.0,7.0,5458.0,0.0,136.0,539,5420,0.0,Israel-Palestine,West Bank,TechForPalestine
2024-07-05,7.0,556.0,21.0,5479.0,0.0,136.0,539,5420,7.0,Israel-Palestine,West Bank,TechForPalestine
2024-07-06,2.0,558.0,14.0,5493.0,0.0,136.0,539,5420,2.0,Israel-Palestine,West Bank,TechForPalestine
2024-07-07,1.0,559.0,2.0,5495.0,0.0,136.0,539,5420,1.0,Israel-Palestine,West Bank,TechForPalestine
2024-07-08,0.0,559.0,12.0,5507.0,0.0,136.0,553,5500,0.0,Israel-Palestine,West Bank,TechForPalestine
2024-07-09,1.0,560.0,9.0,5516.0,1.0,137.0,554,5500,1.0,Israel-Palestine,West Bank,TechForPalestine
2024-07-10,0.0,560.0,6.0,5522.0,0.0,137.0,554,5500,0.0,Israel-Palestine,West Bank,TechForPalestine
2024-07-11,1.0,561.0,11.0,5533.0,1.0,138.0,554,5500,1.0,Israel-Palestine,West Bank,TechForPalestine
2024-07-12,1.0,562.0,0.0,5533.0,0.0,138.0,554,5500,1.0,Israel-Palestine,West Bank,TechForPalestine
2024-07-13,0.0,562.0,5.0,5538.0,0.0,138.0,554,5500,0.0,Israel-Palestine,West Bank,TechForPalestine
2024-07-14,1.0,563.0,4.0,5542.0,0.0,138.0,554,5500,1.0,Israel-Palestine,West Bank,TechForPalestine
2024-07-15,0.0,563.0,1.0,5543.0,0.0,138.0,554,5537,0.0,Israel-Palestine,West Bank,TechForPalestine
2024-07-16,1.0,564.0,3.0,5546.0,0.0,138.0,555,5537,1.0,Israel-Palestine,West Bank,TechForPalestine
2024-07-17,0.0,564.0,3.0,5549.0,0.0,138.0,555,5537,0.0,Israel-Palestine,West Bank,TechForPalestine
2024-07-18,0.0,564.0,1.0,5550.0,0.0,138.0,555,5537,0.0,Israel-Palestine,West Bank,TechForPalestine
2024-07-19,2.0,566.0,2.0,5552.0,0.0,138.0,555,5537,2.0,Israel-Palestine,West Bank,TechForPalestine
2024-07-20,0.0,566.0,3.0,5555.0,0.0,138.0,555,5537,0.0,Israel-Palestine,West Bank,TechForPalestine
2024-07-21,0.0,566.0,1.0,5556.0,0.0,138.0,555,5537,0.0,Israel-Palestine,West Bank,TechForPalestine
2024-07-22,5.0,571.0,9.0,5565.0,0.0,138.0,563,5554,5.0,Israel-Palestine,West Bank,TechForPalestine
2024-07-23,4.0,575.0,10.0,5575.0,1.0,139.0,563,5554,4.0,Israel-Palestine,West Bank,TechForPalestine
2024-07-24,2.0,577.0,2.0,5577.0,0.0,139.0,563,5554,2.0,Israel-Palestine,West Bank,TechForPalestine
2024-07-25,0.0,577.0,2.0,5579.0,0.0,139.0,563,5554,0.0,Israel-Palestine,West Bank,TechForPalestine
2024-07-26,0.0,577.0,23.0,5602.0,0.0,139.0,563,5554,0.0,Israel-Palestine,West Bank,TechForPalestine
2024-07-27,2.0,579.0,45.0,5647.0,1.0,140.0,563,5554,2.0,Israel-Palestine,West Bank,TechForPalestine
2024-07-28,0.0,579.0,1.0,5648.0,0.0,140.0,563,5554,0.0,Israel-Palestine,West Bank,TechForPalestine
2024-07-29,0.0,579.0,3.0,5651.0,0.0,140.0,569,5632,0.0,Israel-Palestine,West Bank,TechForPalestine
2024-07-30,2.0,581.0,3.0,5654.0,1.0,141.0,570,5632,2.0,Israel-Palestine,West Bank,TechForPalestine
2024-07-31,0.0,581.0,12.0,5666.0,0.0,141.0,570,5632,0.0,Israel-Palestine,West Bank,TechForPalestine
2024-08-01,0.0,581.0,13.0,5679.0,0.0,141.0,570,5632,0.0,Israel-Palestine,West Bank,TechForPalestine
2024-08-02,1.0,582.0,16.0,5695.0,0.0,141.0,570,5632,1.0,Israel-Palestine,West Bank,TechForPalestine
2024-08-03,9.0,591.0,13.0,5708.0,0.0,141.0,570,5632,9.0,Israel-Palestine,West Bank,TechForPalestine
2024-08-04,1.0,592.0,10.0,5718.0,0.0,141.0,570,5632,1.0,Israel-Palestine,West Bank,TechForPalestine
2024-08-05,9.0,601.0,19.0,5737.0,2.0,143.0,587,5688,9.0,Israel-Palestine,West Bank,TechForPalestine
2024-08-06,4.0,605.0,10.0,5747.0,0.0,143.0,587,5688,4.0,Israel-Palestine,West Bank,TechForPalestine
2024-08-07,1.0,606.0,11.0,5758.0,0.0,143.0,600,5688,1.0,Israel-Palestine,West Bank,TechForPalestine
2024-08-08,0.0,606.0,4.0,5762.0,0.0,143.0,600,5688,0.0,Israel-Palestine,West Bank,TechForPalestine
2024-08-09,0.0,606.0,14.0,5776.0,0.0,143.0,600,5688,0.0,Israel-Palestine,West Bank,TechForPalestine
2024-08-10,0.0,606.0,10.0,5786.0,0.0,143.0,600,5688,0.0,Israel-Palestine,West Bank,TechForPalestine
2024-08-11,2.0,608.0,8.0,5794.0,0.0,143.0,600,5688,2.0,Israel-Palestine,West Bank,TechForPalestine
2024-08-12,1.0,609.0,6.0,5800.0,0.0,143.0,600,5742,1.0,Israel-Palestine,West Bank,TechForPalestine
2024-08-13,2.0,611.0,13.0,5813.0,1.0,144.0,600,5742,2.0,Israel-Palestine,West Bank,TechForPalestine
2024-08-14,5.0,616.0,12.0,5825.0,1.0,145.0,600,5742,5.0,Israel-Palestine,West Bank,TechForPalestine
2024-08-15,3.0,619.0,19.0,5844.0,0.0,145.0,600,5742,3.0,Israel-Palestine,West Bank,TechForPalestine
2024-08-16,0.0,619.0,8.0,5852.0,0.0,145.0,600,5742,0.0,Israel-Palestine,West Bank,TechForPalestine
2024-08-17,2.0,621.0,3.0,5855.0,0.0,145.0,600,5742,2.0,Israel-Palestine,West Bank,TechForPalestine
2024-08-18,0.0,621.0,3.0,5858.0,0.0,145.0,600,5742,0.0,Israel-Palestine,West Bank,TechForPalestine
2024-08-19,1.0,622.0,8.0,5866.0,0.0,145.0,607,5803,1.0,Israel-Palestine,West Bank,TechForPalestine
2024-08-20,1.0,623.0,7.0,5873.0,0.0,145.0,607,5803,1.0,Israel-Palestine,West Bank,TechForPalestine
2024-08-21,1.0,624.0,5.0,5878.0,0.0,145.0,607,5803,1.0,Israel-Palestine,West Bank,TechForPalestine
2024-08-22,3.0,627.0,2.0,5880.0,0.0,145.0,607,5803,3.0,Israel-Palestine,West Bank,TechForPalestine
2024-08-23,0.0,627.0,7.0,5887.0,0.0,145.0,607,5803,0.0,Israel-Palestine,West Bank,TechForPalestine
2024-08-24,0.0,627.0,10.0,5897.0,0.0,145.0,607,5803,0.0,Israel-Palestine,West Bank,TechForPalestine
2024-08-25,4.0,631.0,11.0,5908.0,2.0,147.0,607,5803,4.0,Israel-Palestine,West Bank,TechForPalestine
2024-08-26,7.0,638.0,6.0,5914.0,2.0,149.0,622,5850,7.0,Israel-Palestine,West Bank,TechForPalestine
2024-08-27,0.0,638.0,1.0,5915.0,0.0,149.0,622,5850,0.0,Israel-Palestine,West Bank,TechForPalestine
2024-08-28,16.0,654.0,70.0,5985.0,2.0,151.0,622,5850,16.0,Israel-Palestine,West Bank,TechForPalestine
2024-08-29,3.0,657.0,3.0,5988.0,0.0,151.0,622,5850,3.0,Israel-Palestine,West Bank,TechForPalestine
2024-08-30,5.0,662.0,2.0,5990.0,0.0,151.0,622,5850,5.0,Israel-Palestine,West Bank,TechForPalestine
2024-08-31,0.0,662.0,13.0,6003.0,0.0,151.0,622,5850,0.0,Israel-Palestine,West Bank,TechForPalestine
2024-09-01,4.0,666.0,8.0,6011.0,3.0,154.0,622,5850,4.0,Israel-Palestine,West Bank,TechForPalestine
2024-09-02,2.0,668.0,14.0,6025.0,1.0,155.0,652,5929,2.0,Israel-Palestine,West Bank,TechForPalestine
2024-09-03,3.0,671.0,9.0,6034.0,1.0,156.0,652,5929,3.0,Israel-Palestine,West Bank,TechForPalestine
2024-09-04,0.0,671.0,4.0,6038.0,0.0,156.0,652,5929,0.0,Israel-Palestine,West Bank,TechForPalestine
2024-09-05,6.0,677.0,22.0,6060.0,1.0,157.0,652,5929,6.0,Israel-Palestine,West Bank,TechForPalestine
2024-09-06,1.0,678.0,5.0,6065.0,1.0,158.0,652,5929,1.0,Israel-Palestine,West Bank,TechForPalestine
2024-09-07,0.0,678.0,12.0,6077.0,0.0,158.0,652,5929,0.0,Israel-Palestine,West Bank,TechForPalestine
2024-09-08,0.0,678.0,6.0,6083.0,0.0,158.0,652,5929,0.0,Israel-Palestine,West Bank,TechForPalestine
2024-09-09,0.0,678.0,5.0,6088.0,0.0,158.0,674,5988,0.0,Israel-Palestine,West Bank,TechForPalestine
2024-09-10,2.0,680.0,8.0,6096.0,0.0,158.0,674,5988,2.0,Israel-Palestine,West Bank,TechForPalestine
2024-09-11,8.0,688.0,4.0,6100.0,1.0,159.0,674,5988,8.0,Israel-Palestine,West Bank,TechForPalestine
2024-09-12,1.0,689.0,13.0,6113.0,0.0,159.0,674,5988,1.0,Israel-Palestine,West Bank,TechForPalestine
2024-09-13,0.0,689.0,17.0,6130.0,0.0,159.0,674,5988,0.0,Israel-Palestine,West Bank,TechForPalestine
2024-09-14,0.0,689.0,3.0,6133.0,0.0,159.0,674,5988,0.0,Israel-Palestine,West Bank,TechForPalestine
2024-09-15,0.0,689.0,3.0,6136.0,0.0,159.0,674,5988,0.0,Israel-Palestine,West Bank,TechForPalestine
2024-09-16,2.0,691.0,15.0,6151.0,0.0,159.0,685,6038,2.0,Israel-Palestine,West Bank,TechForPalestine
2024-09-17,1.0,692.0,1.0,6152.0,0.0,159.0,685,6038,1.0,Israel-Palestine,West Bank,TechForPalestine
2024-09-18,2.0,694.0,15.0,6167.0,2.0,161.0,685,6038,2.0,Israel-Palestine,West Bank,TechForPalestine
2024-09-19,7.0,701.0,12.0,6179.0,0.0,161.0,685,6038,7.0,Israel-Palestine,West Bank,TechForPalestine
2024-09-20,1.0,702.0,47.0,6226.0,0.0,161.0,685,6038,1.0,Israel-Palestine,West Bank,TechForPalestine
2024-09-21,0.0,702.0,2.0,6228.0,0.0,161.0,685,6038,0.0,Israel-Palestine,West Bank,TechForPalestine
2024-09-22,0.0,702.0,6.0,6234.0,0.0,161.0,685,6038,0.0,Israel-Palestine,West Bank,TechForPalestine
2024-09-23,0.0,702.0,7.0,6241.0,0.0,161.0,696,6128,0.0,Israel-Palestine,West Bank,TechForPalestine
2024-09-24,1.0,703.0,15.0,6256.0,0.0,161.0,696,6128,1.0,Israel-Palestine,West Bank,TechForPalestine
2024-09-25,1.0,704.0,3.0,6259.0,0.0,161.0,696,6128,1.0,Israel-Palestine,West Bank,TechForPalestine
2024-09-26,1.0,705.0,49.0,6308.0,0.0,161.0,696,6128,1.0,Israel-Palestine,West Bank,TechForPalestine
2024-09-27,0.0,705.0,19.0,6327.0,0.0,161.0,696,6128,0.0,Israel-Palestine,West Bank,TechForPalestine
2024-09-28,0.0,705.0,8.0,6335.0,0.0,161.0,696,6128,0.0,Israel-Palestine,West Bank,TechForPalestine
2024-09-29,0.0,705.0,16.0,6351.0,0.0,161.0,696,6128,0.0,Israel-Palestine,West Bank,TechForPalestine
2024-09-30,0.0,705.0,0.0,6351.0,0.0,161.0,699,6237,0.0,Israel-Palestine,West Bank,TechForPalestine
2024-10-01,2.0,707.0,25.0,6376.0,0.0,161.0,699,6237,2.0,Israel-Palestine,West Bank,TechForPalestine
2024-10-02,0.0,707.0,1.0,6377.0,0.0,161.0,699,6237,0.0,Israel-Palestine,West Bank,TechForPalestine
2024-10-03,19.0,726.0,7.0,6384.0,3.0,164.0,699,6237,19.0,Israel-Palestine,West Bank,TechForPalestine
2024-10-04,0.0,726.0,22.0,6406.0,0.0,164.0,699,6237,0.0,Israel-Palestine,West Bank,TechForPalestine
2024-10-05,1.0,727.0,22.0,6428.0,0.0,164.0,699,6237,1.0,Israel-Palestine,West Bank,TechForPalestine
2024-10-06,0.0,727.0,6.0,6434.0,0.0,164.0,699,6237,0.0,Israel-Palestine,West Bank,TechForPalestine
2024-10-07,1.0,728.0,42.0,6476.0,1.0,165.0,719,6367,1.0,Israel-Palestine,West Bank,TechForPalestine
2024-10-08,0.0,728.0,3.0,6479.0,0.0,165.0,719,6367,0.0,Israel-Palestine,West Bank,TechForPalestine
2024-10-09,5.0,733.0,2.0,6481.0,0.0,165.0,719,6367,5.0,Israel-Palestine,West Bank,TechForPalestine
2024-10-10,2.0,735.0,0.0,6481.0,0.0,165.0,719,6367,2.0,Israel-Palestine,West Bank,TechForPalestine
2024-10-11,0.0,735.0,66.0,6547.0,0.0,165.0,719,6367,0.0,Israel-Palestine,West Bank,TechForPalestine
2024-10-12,0.0,735.0,14.0,6561.0,0.0,165.0,719,6367,0.0,Israel-Palestine,West Bank,TechForPalestine
2024-10-13,0.0,735.0,10.0,6571.0,0.0,165.0,719,6367,0.0,Israel-Palestine,West Bank,TechForPalestine
2024-10-14,2.0,737.0,9.0,6580.0,1.0,166.0,728,6471,2.0,Israel-Palestine,West Bank,TechForPalestine
2024-10-15,0.0,737.0,1.0,6581.0,0.0,166.0,728,6471,0.0,Israel-Palestine,West Bank,TechForPalestine
2024-10-16,0.0,737.0,0.0,6581.0,0.0,166.0,728,6471,0.0,Israel-Palestine,West Bank,TechForPalestine
2024-10-17,0.0,737.0,0.0,6581.0,0.0,166.0,728,6471,0.0,Israel-Palestine,West Bank,TechForPalestine
2024-10-18,0.0,737.0,0.0,6581.0,0.0,166.0,728,6471,0.0,Israel-Palestine,West Bank,TechForPalestine
2024-10-19,0.0,737.0,0.0,6581.0,0.0,166.0,728,6471,0.0,Israel-Palestine,West Bank,TechForPalestine
2024-10-20,0.0,737.0,0.0,6581.0,0.0,166.0,728,6471,0.0,Israel-Palestine,West Bank,TechForPalestine
2024-10-21,0.0,737.0,0.0,6581.0,0.0,166.0,731,6530,0.0,Israel-Palestine,West Bank,TechForPalestine
2024-10-22,0.0,737.0,0.0,6581.0,0.0,166.0,731,6530,0.0,Israel-Palestine,West Bank,TechForPalestine
2024-10-23,0.0,737.0,0.0,6581.0,0.0,166.0,731,6530,0.0,Israel-Palestine,West Bank,TechForPalestine
2024-10-24,0.0,737.0,0.0,6581.0,0.0,166.0,731,6530,0.0,Israel-Palestine,West Bank,TechForPalestine
2024-10-25,0.0,737.0,1.0,6582.0,0.0,166.0,731,6530,0.0,Israel-Palestine,West Bank,TechForPalestine
2024-10-26,0.0,737.0,0.0,6582.0,0.0,166.0,731,6530,0.0,Israel-Palestine,West Bank,TechForPalestine
2024-10-27,0.0,737.0,0.0,6582.0,0.0,166.0,731,6530,0.0,Israel-Palestine,West Bank,TechForPalestine
2024-10-28,0.0,737.0,17.0,6599.0,0.0,166.0,735,6565,0.0,Israel-Palestine,West Bank,TechForPalestine
2024-10-29,0.0,737.0,0.0,6599.0,0.0,166.0,735,6565,0.0,Israel-Palestine,West Bank,TechForPalestine
2024-10-30,0.0,737.0,1.0,6600.0,0.0,166.0,735,6565,0.0,Israel-Palestine,West Bank,TechForPalestine
2024-10-31,0.0,737.0,0.0,6600.0,0.0,166.0,735,6565,0.0,Israel-Palestine,West Bank,TechForPalestine
2024-11-01,0.0,737.0,,,0.0,166.0,735,6565,0.0,Israel-Palestine,West Bank,TechForPalestine
2024-11-02,0.0,737.0,,,0.0,166.0,735,6565,0.0,Israel-Palestine,West Bank,TechForPalestine
2024-11-03,1.0,738.0,,,1.0,167.0,735,6565,1.0,Israel-Palestine,West Bank,TechForPalestine
2024-11-04,0.0,738.0,,,0.0,167.0,740,6587,0.0,Israel-Palestine,West Bank,TechForPalestine
2024-11-05,0.0,738.0,,,0.0,167.0,740,6587,0.0,Israel-Palestine,West Bank,TechForPalestine
2024-11-06,1.0,739.0,,,0.0,167.0,740,6587,1.0,Israel-Palestine,West Bank,TechForPalestine
2024-11-07,0.0,739.0,,,0.0,167.0,740,6587,0.0,Israel-Palestine,West Bank,TechForPalestine
2024-11-08,0.0,739.0,,,0.0,167.0,740,6587,0.0,Israel-Palestine,West Bank,TechForPalestine
2024-11-09,0.0,739.0,,,0.0,167.0,740,6587,0.0,Israel-Palestine,West Bank,TechForPalestine
2024-11-10,0.0,739.0,,,0.0,167.0,740,6587,0.0,Israel-Palestine,West Bank,TechForPalestine
2024-11-11,0.0,739.0,,,0.0,167.0,751,6598,0.0,Israel-Palestine,West Bank,TechForPalestine
2024-11-12,0.0,739.0,,,0.0,167.0,751,6598,0.0,Israel-Palestine,West Bank,TechForPalestine
2024-11-13,2.0,741.0,,,0.0,167.0,751,6598,2.0,Israel-Palestine,West Bank,TechForPalestine
2024-11-14,,,,,,,751,6598,,Israel-Palestine,West Bank,TechForPalestine
2024-11-15,,,,,,,751,6598,,Israel-Palestine,West Bank,TechForPalestine
2024-11-16,,,,,,,751,6598,,Israel-Palestine,West Bank,TechForPalestine
2024-11-17,,,,,,,751,6598,,Israel-Palestine,West Bank,TechForPalestine
2024-11-18,,,,,,,755,6641,,Israel-Palestine,West Bank,TechForPalestine
2024-11-19,,,,,,,755,6641,,Israel-Palestine,West Bank,TechForPalestine
2024-11-20,,,,,,,755,6641,,Israel-Palestine,West Bank,TechForPalestine
2024-11-21,,,,,,,755,6641,,Israel-Palestine,West Bank,TechForPalestine
2024-11-22,,,,,,,755,6641,,Israel-Palestine,West Bank,TechForPalestine
2024-11-23,,,,,,,755,6641,,Israel-Palestine,West Bank,TechForPalestine
2024-11-24,,,,,,,755,6641,,Israel-Palestine,West Bank,TechForPalestine
2024-11-25,,,,,,,764,6678,,Israel-Palestine,West Bank,TechForPalestine
2024-11-26,,,,,,,764,6678,,Israel-Palestine,West Bank,TechForPalestine
2024-11-27,,,,,,,764,6678,,Israel-Palestine,West Bank,TechForPalestine
2024-11-28,,,,,,,764,6678,,Israel-Palestine,West Bank,TechForPalestine
2024-11-29,,,,,,,764,6678,,Israel-Palestine,West Bank,TechForPalestine
2024-11-30,,,,,,,764,6678,,Israel-Palestine,West Bank,TechForPalestine
2024-12-01,,,,,,,764,6678,,Israel-Palestine,West Bank,TechForPalestine
2024-12-02,,,,,,,769,6705,,Israel-Palestine,West Bank,TechForPalestine
2024-12-03,,,,,,,769,6705,,Israel-Palestine,West Bank,TechForPalestine
2024-12-04,,,,,,,769,6705,,Israel-Palestine,West Bank,TechForPalestine
2024-12-05,,,,,,,769,6705,,Israel-Palestine,West Bank,TechForPalestine
2024-12-06,,,,,,,769,6705,,Israel-Palestine,West Bank,TechForPalestine
2024-12-07,,,,,,,769,6705,,Israel-Palestine,West Bank,TechForPalestine
2024-12-08,,,,,,,769,6705,,Israel-Palestine,West Bank,TechForPalestine
2024-12-09,,,,,,,777,6744,,Israel-Palestine,West Bank,TechForPalestine
2024-12-10,,,,,,,777,6744,,Israel-Palestine,West Bank,TechForPalestine
2024-12-11,,,,,,,777,6744,,Israel-Palestine,West Bank,TechForPalestine
2024-12-12,,,,,,,777,6744,,Israel-Palestine,West Bank,TechForPalestine
2024-12-13,,,,,,,777,6744,,Israel-Palestine,West Bank,TechForPalestine
2024-12-14,,,,,,,777,6744,,Israel-Palestine,West Bank,TechForPalestine
2024-12-15,,,,,,,777,6744,,Israel-Palestine,West Bank,TechForPalestine
2024-12-16,,,,,,,781,6775,,Israel-Palestine,West Bank,TechForPalestine
2024-12-17,,,,,,,781,6775,,Israel-Palestine,West Bank,TechForPalestine
2024-12-18,,,,,,,781,6775,,Israel-Palestine,West Bank,TechForPalestine
2024-12-19,,,,,,,781,6775,,Israel-Palestine,West Bank,TechForPalestine
2024-12-20,,,,,,,781,6775,,Israel-Palestine,West Bank,TechForPalestine
2024-12-21,,,,,,,781,6775,,Israel-Palestine,West Bank,TechForPalestine
2024-12-22,,,,,,,781,6775,,Israel-Palestine,West Bank,TechForPalestine
2024-12-23,,,,,,,791,6811,,Israel-Palestine,West Bank,TechForPalestine
2024-12-24,,,,,,,791,6811,,Israel-Palestine,West Bank,TechForPalestine
2024-12-25,,,,,,,791,6811,,Israel-Palestine,West Bank,TechForPalestine
2024-12-26,,,,,,,791,6811,,Israel-Palestine,West Bank,TechForPalestine
2024-12-27,,,,,,,791,6811,,Israel-Palestine,West Bank,TechForPalestine
2024-12-28,,,,,,,791,6811,,Israel-Palestine,West Bank,TechForPalestine
2024-12-29,,,,,,,791,6811,,Israel-Palestine,West Bank,TechForPalestine
2024-12-30,,,,,,,802,6860,,Israel-Palestine,West Bank,TechForPalestine
2024-12-31,,,,,,,802,6860,,Israel-Palestine,West Bank,TechForPalestine
2025-01-01,,,,,,,802,6860,,Israel-Palestine,West Bank,TechForPalestine
2025-01-02,,,,,,,802,6860,,Israel-Palestine,West Bank,TechForPalestine
2025-01-03,,,,,,,802,6860,,Israel-Palestine,West Bank,TechForPalestine
2025-01-04,,,,,,,802,6860,,Israel-Palestine,West Bank,TechForPalestine
2025-01-05,,,,,,,802,6860,,Israel-Palestine,West Bank,TechForPalestine
2025-01-06,,,,,,,805,6898,,Israel-Palestine,West Bank,TechForPalestine
2025-01-07,,,,,,,805,6898,,Israel-Palestine,West Bank,TechForPalestine
2025-01-08,,,,,,,805,6898,,Israel-Palestine,West Bank,TechForPalestine
2025-01-09,,,,,,,805,6898,,Israel-Palestine,West Bank,TechForPalestine
2025-01-10,,,,,,,805,6898,,Israel-Palestine,West Bank,TechForPalestine
2025-01-11,,,,,,,805,6898,,Israel-Palestine,West Bank,TechForPalestine
2025-01-12,,,,,,,805,6898,,Israel-Palestine,West Bank,TechForPalestine
2025-01-13,,,,,,,811,6936,,Israel-Palestine,West Bank,TechForPalestine
2025-01-14,,,,,,,811,6936,,Israel-Palestine,West Bank,TechForPalestine
2025-01-15,,,,,,,811,6936,,Israel-Palestine,West Bank,TechForPalestine
2025-01-16,,,,,,,811,6936,,Israel-Palestine,West Bank,TechForPalestine
2025-01-17,,,,,,,811,6936,,Israel-Palestine,West Bank,TechForPalestine
2025-01-18,,,,,,,811,6936,,Israel-Palestine,West Bank,TechForPalestine
2025-01-19,,,,,,,811,6936,,Israel-Palestine,West Bank,TechForPalestine
2025-01-20,,,,,,,824,7035,,Israel-Palestine,West Bank,TechForPalestine
2025-01-21,,,,,,,824,7035,,Israel-Palestine,West Bank,TechForPalestine
2025-01-22,,,,,,,824,7035,,Israel-Palestine,West Bank,TechForPalestine
2025-01-23,,,,,,,824,7035,,Israel-Palestine,West Bank,TechForPalestine
2025-01-24,,,,,,,824,7035,,Israel-Palestine,West Bank,TechForPalestine
2025-01-25,,,,,,,824,7035,,Israel-Palestine,West Bank,TechForPalestine
2025-01-26,,,,,,,824,7035,,Israel-Palestine,West Bank,TechForPalestine
2025-01-27,,,,,,,844,7116,,Israel-Palestine,West Bank,TechForPalestine
2025-01-28,,,,,,,844,7116,,Israel-Palestine,West Bank,TechForPalestine
2025-01-29,,,,,,,844,7116,,Israel-Palestine,West Bank,TechForPalestine
2025-01-30,,,,,,,844,7116,,Israel-Palestine,West Bank,TechForPalestine
2025-01-31,,,,,,,844,7116,,Israel-Palestine,West Bank,TechForPalestine
2025-02-01,,,,,,,844,7116,,Israel-Palestine,West Bank,TechForPalestine
2025-02-02,,,,,,,844,7116,,Israel-Palestine,West Bank,TechForPalestine
2025-02-03,,,,,,,867,7266,,Israel-Palestine,West Bank,TechForPalestine
2025-02-04,,,,,,,867,7266,,Israel-Palestine,West Bank,TechForPalestine
2025-02-05,,,,,,,867,7266,,Israel-Palestine,West Bank,TechForPalestine
2025-02-06,,,,,,,867,7266,,Israel-Palestine,West Bank,TechForPalestine
2025-02-07,,,,,,,867,7266,,Israel-Palestine,West Bank,TechForPalestine
2025-02-08,,,,,,,867,7266,,Israel-Palestine,West Bank,TechForPalestine
2025-02-09,,,,,,,867,7266,,Israel-Palestine,West Bank,TechForPalestine
2025-02-10,,,,,,,872,7315,,Israel-Palestine,West Bank,TechForPalestine
2025-02-11,,,,,,,872,7315,,Israel-Palestine,West Bank,TechForPalestine
2025-02-12,,,,,,,872,7315,,Israel-Palestine,West Bank,TechForPalestine
2025-02-13,,,,,,,872,7315,,Israel-Palestine,West Bank,TechForPalestine
2025-02-14,,,,,,,872,7315,,Israel-Palestine,West Bank,TechForPalestine
2025-02-15,,,,,,,872,7315,,Israel-Palestine,West Bank,TechForPalestine
2025-02-16,,,,,,,872,7315,,Israel-Palestine,West Bank,TechForPalestine
2025-02-17,,,,,,,878,7333,,Israel-Palestine,West Bank,TechForPalestine
2025-02-18,,,,,,,878,7333,,Israel-Palestine,West Bank,TechForPalestine
2025-02-19,,,,,,,878,7333,,Israel-Palestine,West Bank,TechForPalestine
2025-02-20,,,,,,,878,7333,,Israel-Palestine,West Bank,TechForPalestine
2025-02-21,,,,,,,878,7333,,Israel-Palestine,West Bank,TechForPalestine
2025-02-22,,,,,,,878,7333,,Israel-Palestine,West Bank,TechForPalestine
2025-02-23,,,,,,,878,7333,,Israel-Palestine,West Bank,TechForPalestine
2025-02-24,,,,,,,883,7372,,Israel-Palestine,West Bank,TechForPalestine
2025-02-25,,,,,,,883,7372,,Israel-Palestine,West Bank,TechForPalestine
2025-02-26,,,,,,,883,7372,,Israel-Palestine,West Bank,TechForPalestine
2025-02-27,,,,,,,883,7372,,Israel-Palestine,West Bank,TechForPalestine
2025-02-28,,,,,,,883,7372,,Israel-Palestine,West Bank,TechForPalestine
2025-03-01,,,,,,,883,7372,,Israel-Palestine,West Bank,TechForPalestine
2025-03-02,,,,,,,883,7372,,Israel-Palestine,West Bank,TechForPalestine
2025-03-03,,,,,,,886,7436,,Israel-Palestine,West Bank,TechForPalestine
2025-03-04,,,,,,,886,7436,,Israel-Palestine,West Bank,TechForPalestine
2025-03-05,,,,,,,886,7436,,Israel-Palestine,West Bank,TechForPalestine
2025-03-06,,,,,,,886,7436,,Israel-Palestine,West Bank,TechForPalestine
2025-03-07,,,,,,,886,7436,,Israel-Palestine,West Bank,TechForPalestine
2025-03-08,,,,,,,886,7436,,Israel-Palestine,West Bank,TechForPalestine
2025-03-09,,,,,,,886,7436,,Israel-Palestine,West Bank,TechForPalestine
2025-03-10,,,,,,,890,7498,,Israel-Palestine,West Bank,TechForPalestine
2025-03-11,,,,,,,890,7498,,Israel-Palestine,West Bank,TechForPalestine
2025-03-12,,,,,,,890,7498,,Israel-Palestine,West Bank,TechForPalestine
2025-03-13,,,,,,,890,7498,,Israel-Palestine,West Bank,TechForPalestine
2025-03-14,,,,,,,890,7498,,Israel-Palestine,West Bank,TechForPalestine
2025-03-15,,,,,,,890,7498,,Israel-Palestine,West Bank,TechForPalestine
2025-03-16,,,,,,,890,7498,,Israel-Palestine,West Bank,TechForPalestine
2025-03-17,,,,,,,895,7580,,Israel-Palestine,West Bank,TechForPalestine
2025-03-18,,,,,,,895,7580,,Israel-Palestine,West Bank,TechForPalestine
2025-03-19,,,,,,,895,7580,,Israel-Palestine,West Bank,TechForPalestine
2025-03-20,,,,,,,895,7580,,Israel-Palestine,West Bank,TechForPalestine
2025-03-21,,,,,,,895,7580,,Israel-Palestine,West Bank,TechForPalestine
2025-03-22,,,,,,,895,7580,,Israel-Palestine,West Bank,TechForPalestine
2025-03-23,,,,,,,895,7580,,Israel-Palestine,West Bank,TechForPalestine
2025-03-24,,,,,,,897,7613,,Israel-Palestine,West Bank,TechForPalestine
2025-03-25,,,,,,,897,7613,,Israel-Palestine,West Bank,TechForPalestine
2025-03-26,,,,,,,897,7613,,Israel-Palestine,West Bank,TechForPalestine
2025-03-27,,,,,,,897,7613,,Israel-Palestine,West Bank,TechForPalestine
2025-03-28,,,,,,,897,7613,,Israel-Palestine,West Bank,TechForPalestine
2025-03-29,,,,,,,897,7613,,Israel-Palestine,West Bank,TechForPalestine
2025-03-30,,,,,,,897,7613,,Israel-Palestine,West Bank,TechForPalestine
2025-03-31,,,,,,,897,7613,,Israel-Palestine,West Bank,TechForPalestine
2025-04-01,,,,,,,897,7613,,Israel-Palestine,West Bank,TechForPalestine
2025-04-02,,,,,,,897,7613,,Israel-Palestine,West Bank,TechForPalestine
2025-04-03,,,,,,,897,7613,,Israel-Palestine,West Bank,TechForPalestine
2025-04-04,,,,,,,897,7613,,Israel-Palestine,West Bank,TechForPalestine
2025-04-05,,,,,,,897,7613,,Israel-Palestine,West Bank,TechForPalestine
2025-04-06,,,,,,,897,7613,,Israel-Palestine,West Bank,TechForPalestine
2025-04-07,,,,,,,906,7743,,Israel-Palestine,West Bank,TechForPalestine
2025-04-08,,,,,,,906,7743,,Israel-Palestine,West Bank,TechForPalestine
2025-04-09,,,,,,,906,7743,,Israel-Palestine,West Bank,TechForPalestine
2025-04-10,,,,,,,906,7743,,Israel-Palestine,West Bank,TechForPalestine
2025-04-11,,,,,,,906,7743,,Israel-Palestine,West Bank,TechForPalestine
2025-04-12,,,,,,,906,7743,,Israel-Palestine,West Bank,TechForPalestine
2025-04-13,,,,,,,906,7743,,Israel-Palestine,West Bank,TechForPalestine
2025-04-14,,,,,,,908,7853,,Israel-Palestine,West Bank,TechForPalestine
2025-04-15,,,,,,,908,7853,,Israel-Palestine,West Bank,TechForPalestine
2025-04-16,,,,,,,908,7853,,Israel-Palestine,West Bank,TechForPalestine
2025-04-17,,,,,,,908,7853,,Israel-Palestine,West Bank,TechForPalestine
2025-04-18,,,,,,,908,7853,,Israel-Palestine,West Bank,TechForPalestine
2025-04-19,,,,,,,908,7853,,Israel-Palestine,West Bank,TechForPalestine
2025-04-20,,,,,,,908,7853,,Israel-Palestine,West Bank,TechForPalestine
2025-04-21,,,,,,,914,7885,,Israel-Palestine,West Bank,TechForPalestine
2025-04-22,,,,,,,914,7885,,Israel-Palestine,West Bank,TechForPalestine
2025-04-23,,,,,,,914,7885,,Israel-Palestine,West Bank,TechForPalestine
2025-04-24,,,,,,,914,7885,,Israel-Palestine,West Bank,TechForPalestine
2025-04-25,,,,,,,914,7885,,Israel-Palestine,West Bank,TechForPalestine
2025-04-26,,,,,,,914,7885,,Israel-Palestine,West Bank,TechForPalestine
2025-04-27,,,,,,,914,7885,,Israel-Palestine,West Bank,TechForPalestine
2025-04-28,,,,,,,917,7934,,Israel-Palestine,West Bank,TechForPalestine
2025-04-29,,,,,,,917,7934,,Israel-Palestine,West Bank,TechForPalestine
2025-04-30,,,,,,,917,7934,,Israel-Palestine,West Bank,TechForPalestine
2025-05-01,,,,,,,917,7934,,Israel-Palestine,West Bank,TechForPalestine
2025-05-02,,,,,,,917,7934,,Israel-Palestine,West Bank,TechForPalestine
2025-05-03,,,,,,,917,7934,,Israel-Palestine,West Bank,TechForPalestine
2025-05-04,,,,,,,917,7934,,Israel-Palestine,West Bank,TechForPalestine
2025-05-05,,,,,,,920,7991,,Israel-Palestine,West Bank,TechForPalestine
2025-05-06,,,,,,,920,7991,,Israel-Palestine,West Bank,TechForPalestine
2025-05-07,,,,,,,920,7991,,Israel-Palestine,West Bank,TechForPalestine
2025-05-08,,,,,,,920,7991,,Israel-Palestine,West Bank,TechForPalestine
2025-05-09,,,,,,,920,7991,,Israel-Palestine,West Bank,TechForPalestine
2025-05-10,,,,,,,920,7991,,Israel-Palestine,West Bank,TechForPalestine
2025-05-11,,,,,,,920,7991,,Israel-Palestine,West Bank,TechForPalestine
2025-05-12,,,,,,,924,8095,,Israel-Palestine,West Bank,TechForPalestine
2025-05-13,,,,,,,924,8095,,Israel-Palestine,West Bank,TechForPalestine
2025-05-14,,,,,,,924,8095,,Israel-Palestine,West Bank,TechForPalestine
2025-05-15,,,,,,,924,8095,,Israel-Palestine,West Bank,TechForPalestine
2025-05-16,,,,,,,924,8095,,Israel-Palestine,West Bank,TechForPalestine
2025-05-17,,,,,,,924,8095,,Israel-Palestine,West Bank,TechForPalestine
2025-05-18,,,,,,,924,8095,,Israel-Palestine,West Bank,TechForPalestine
2025-05-19,,,,,,,932,8140,,Israel-Palestine,West Bank,TechForPalestine
2025-05-20,,,,,,,932,8140,,Israel-Palestine,West Bank,TechForPalestine
2025-05-21,,,,,,,932,8140,,Israel-Palestine,West Bank,TechForPalestine
2025-05-22,,,,,,,932,8140,,Israel-Palestine,West Bank,TechForPalestine
2025-05-23,,,,,,,932,8140,,Israel-Palestine,West Bank,TechForPalestine
2025-05-24,,,,,,,932,8140,,Israel-Palestine,West Bank,TechForPalestine
2025-05-25,,,,,,,932,8140,,Israel-Palestine,West Bank,TechForPalestine
2025-05-26,,,,,,,932,8155,,Israel-Palestine,West Bank,TechForPalestine
2025-05-27,,,,,,,932,8155,,Israel-Palestine,West Bank,TechForPalestine
2025-05-28,,,,,,,932,8155,,Israel-Palestine,West Bank,TechForPalestine
2025-05-29,,,,,,,932,8155,,Israel-Palestine,West Bank,TechForPalestine
2025-05-30,,,,,,,932,8155,,Israel-Palestine,West Bank,TechForPalestine
2025-05-31,,,,,,,932,8155,,Israel-Palestine,West Bank,TechForPalestine
2025-06-01,,,,,,,932,8155,,Israel-Palestine,West Bank,TechForPalestine
2025-06-02,,,,,,,936,8228,,Israel-Palestine,West Bank,TechForPalestine
2025-06-03,,,,,,,936,8228,,Israel-Palestine,West Bank,TechForPalestine
2025-06-04,,,,,,,936,8228,,Israel-Palestine,West Bank,TechForPalestine
2025-06-05,,,,,,,936,8228,,Israel-Palestine,West Bank,TechForPalestine
2025-06-06,,,,,,,936,8228,,Israel-Palestine,West Bank,TechForPalestine
2025-06-07,,,,,,,936,8228,,Israel-Palestine,West Bank,TechForPalestine
2025-06-08,,,,,,,936,8228,,Israel-Palestine,West Bank,TechForPalestine
2025-06-09,,,,,,,936,8228,,Israel-Palestine,West Bank,TechForPalestine
2025-06-10,,,,,,,936,8228,,Israel-Palestine,West Bank,TechForPalestine
2025-06-11,,,,,,,936,8228,,Israel-Palestine,West Bank,TechForPalestine
2025-06-12,,,,,,,936,8228,,Israel-Palestine,West Bank,TechForPalestine
2025-06-13,,,,,,,936,8228,,Israel-Palestine,West Bank,TechForPalestine
2025-06-14,,,,,,,936,8228,,Israel-Palestine,West Bank,TechForPalestine
2025-06-15,,,,,,,936,8228,,Israel-Palestine,West Bank,TechForPalestine
2025-06-16,,,,,,,941,8368,,Israel-Palestine,West Bank,TechForPalestine
2025-06-17,,,,,,,941,8368,,Israel-Palestine,West Bank,TechForPalestine
2025-06-18,,,,,,,941,8368,,Israel-Palestine,West Bank,TechForPalestine
2025-06-19,,,,,,,941,8368,,Israel-Palestine,West Bank,TechForPalestine
2025-06-20,,,,,,,941,8368,,Israel-Palestine,West Bank,TechForPalestine
2025-06-21,,,,,,,941,8368,,Israel-Palestine,West Bank,TechForPalestine
2025-06-22,,,,,,,941,8368,,Israel-Palestine,West Bank,TechForPalestine
2025-06-23,,,,,,,943,8434,,Israel-Palestine,West Bank,TechForPalestine
2025-06-24,,,,,,,943,8434,,Israel-Palestine,West Bank,TechForPalestine
2025-06-25,,,,,,,943,8434,,Israel-Palestine,West Bank,TechForPalestine
2025-06-26,,,,,,,943,8434,,Israel-Palestine,West Bank,TechForPalestine
2025-06-27,,,,,,,943,8434,,Israel-Palestine,West Bank,TechForPalestine
2025-06-28,,,,,,,943,8434,,Israel-Palestine,West Bank,TechForPalestine
2025-06-29,,,,,,,943,8434,,Israel-Palestine,West Bank,TechForPalestine
2025-06-30,,,,,,,948,8483,,Israel-Palestine,West Bank,TechForPalestine
2025-07-01,,,,,,,948,8483,,Israel-Palestine,West Bank,TechForPalestine
2025-07-02,,,,,,,948,8483,,Israel-Palestine,West Bank,TechForPalestine
2025-07-03,,,,,,,948,8483,,Israel-Palestine,West Bank,TechForPalestine
2025-07-04,,,,,,,948,8483,,Israel-Palestine,West Bank,TechForPalestine
2025-07-05,,,,,,,948,8483,,Israel-Palestine,West Bank,TechForPalestine
2025-07-06,,,,,,,948,8483,,Israel-Palestine,West Bank,TechForPalestine
2025-07-07,,,,,,,953,8570,,Israel-Palestine,West Bank,TechForPalestine
2025-07-08,,,,,,,953,8570,,Israel-Palestine,West Bank,TechForPalestine
2025-07-09,,,,,,,953,8570,,Israel-Palestine,West Bank,TechForPalestine
2025-07-10,,,,,,,953,8570,,Israel-Palestine,West Bank,TechForPalestine
2025-07-11,,,,,,,953,8570,,Israel-Palestine,West Bank,TechForPalestine
2025-07-12,,,,,,,953,8570,,Israel-Palestine,West Bank,TechForPalestine
2025-07-13,,,,,,,953,8570,,Israel-Palestine,West Bank,TechForPalestine
2025-07-14,,,,,,,960,8685,,Israel-Palestine,West Bank,TechForPalestine
2025-07-15,,,,,,,960,8685,,Israel-Palestine,West Bank,TechForPalestine
2025-07-16,,,,,,,960,8685,,Israel-Palestine,West Bank,TechForPalestine
2025-07-17,,,,,,,960,8685,,Israel-Palestine,West Bank,TechForPalestine
2025-07-18,,,,,,,960,8685,,Israel-Palestine,West Bank,TechForPalestine
2025-07-19,,,,,,,960,8685,,Israel-Palestine,West Bank,TechForPalestine
2025-07-20,,,,,,,960,8685,,Israel-Palestine,West Bank,TechForPalestine
2025-07-21,,,,,,,963,8730,,Israel-Palestine,West Bank,TechForPalestine
2025-07-22,,,,,,,963,8730,,Israel-Palestine,West Bank,TechForPalestine
2025-07-23,,,,,,,963,8730,,Israel-Palestine,West Bank,TechForPalestine
2025-07-24,,,,,,,963,8730,,Israel-Palestine,West Bank,TechForPalestine
2025-07-25,,,,,,,963,8730,,Israel-Palestine,West Bank,TechForPalestine
2025-07-26,,,,,,,963,8730,,Israel-Palestine,West Bank,TechForPalestine
2025-07-27,,,,,,,963,8730,,Israel-Palestine,West Bank,TechForPalestine
2025-07-28,,,,,,,972,8747,,Israel-Palestine,West Bank,TechForPalestine
2025-07-29,,,,,,,972,8747,,Israel-Palestine,West Bank,TechForPalestine
2025-07-30,,,,,,,972,8747,,Israel-Palestine,West Bank,TechForPalestine
2025-07-31,,,,,,,972,8747,,Israel-Palestine,West Bank,TechForPalestine
2025-08-01,,,,,,,972,8747,,Israel-Palestine,West Bank,TechForPalestine
2025-08-02,,,,,,,972,8747,,Israel-Palestine,West Bank,TechForPalestine
2025-08-03,,,,,,,972,8747,,Israel-Palestine,West Bank,TechForPalestine
2025-08-04,,,,,,,974,8804,,Israel-Palestine,West Bank,TechForPalestine
2025-08-05,,,,,,,974,8804,,Israel-Palestine,West Bank,TechForPalestine
2025-08-06,,,,,,,974,8804,,Israel-Palestine,West Bank,TechForPalestine
2025-08-07,,,,,,,974,8804,,Israel-Palestine,West Bank,TechForPalestine
2025-08-08,,,,,,,974,8804,,Israel-Palestine,West Bank,TechForPalestine
2025-08-09,,,,,,,974,8804,,Israel-Palestine,West Bank,TechForPalestine
2025-08-10,,,,,,,974,8804,,Israel-Palestine,West Bank,TechForPalestine
2025-08-11,,,,,,,975,8835,,Israel-Palestine,West Bank,TechForPalestine
2025-08-12,,,,,,,975,8835,,Israel-Palestine,West Bank,TechForPalestine
2025-08-13,,,,,,,975,8835,,Israel-Palestine,West Bank,TechForPalestine
2025-08-14,,,,,,,975,8835,,Israel-Palestine,West Bank,TechForPalestine
2025-08-15,,,,,,,975,8835,,Israel-Palestine,West Bank,TechForPalestine
2025-08-16,,,,,,,975,8835,,Israel-Palestine,West Bank,TechForPalestine
2025-08-17,,,,,,,975,8835,,Israel-Palestine,West Bank,TechForPalestine
2025-08-18,,,,,,,977,8853,,Israel-Palestine,West Bank,TechForPalestine
2025-08-19,,,,,,,977,8853,,Israel-Palestine,West Bank,TechForPalestine
2025-08-20,,,,,,,977,8853,,Israel-Palestine,West Bank,TechForPalestine
2025-08-21,,,,,,,977,8853,,Israel-Palestine,West Bank,TechForPalestine
2025-08-22,,,,,,,977,8853,,Israel-Palestine,West Bank,TechForPalestine
2025-08-23,,,,,,,977,8853,,Israel-Palestine,West Bank,TechForPalestine
2025-08-24,,,,,,,977,8853,,Israel-Palestine,West Bank,TechForPalestine
2025-08-25,,,,,,,977,8853,,Israel-Palestine,West Bank,TechForPalestine
2025-08-26,,,,,,,977,8853,,Israel-Palestine,West Bank,TechForPalestine
2025-08-27,,,,,,,977,8853,,Israel-Palestine,West Bank,TechForPalestine
2025-08-28,,,,,,,978,8878,,Israel-Palestine,West Bank,TechForPalestine
2025-08-29,,,,,,,978,8878,,Israel-Palestine,West Bank,TechForPalestine
2025-08-30,,,,,,,978,8878,,Israel-Palestine,West Bank,TechForPalestine
2025-08-31,,,,,,,978,8878,,Israel-Palestine,West Bank,TechForPalestine
2025-09-01,,,,,,,978,9088,,Israel-Palestine,West Bank,TechForPalestine
2025-09-02,,,,,,,978,9088,,Israel-Palestine,West Bank,TechForPalestine
2025-09-03,,,,,,,978,9088,,Israel-Palestine,West Bank,TechForPalestine
2025-09-04,,,,,,,978,9088,,Israel-Palestine,West Bank,TechForPalestine
2025-09-05,,,,,,,978,9088,,Israel-Palestine,West Bank,TechForPalestine
2025-09-06,,,,,,,978,9088,,Israel-Palestine,West Bank,TechForPalestine
2025-09-07,,,,,,,978,9088,,Israel-Palestine,West Bank,TechForPalestine
2025-09-08,,,,,,,984,9144,,Israel-Palestine,West Bank,TechForPalestine
2025-09-09,,,,,,,984,9144,,Israel-Palestine,West Bank,TechForPalestine
2025-09-10,,,,,,,984,9144,,Israel-Palestine,West Bank,TechForPalestine
2025-09-11,,,,,,,984,9144,,Israel-Palestine,West Bank,TechForPalestine
2025-09-12,,,,,,,984,9144,,Israel-Palestine,West Bank,TechForPalestine
2025-09-13,,,,,,,984,9144,,Israel-Palestine,West Bank,TechForPalestine
2025-09-14,,,,,,,984,9144,,Israel-Palestine,West Bank,TechForPalestine
2025-09-15,,,,,,,986,9183,,Israel-Palestine,West Bank,TechForPalestine
2025-09-16,,,,,,,986,9183,,Israel-Palestine,West Bank,TechForPalestine
2025-09-17,,,,,,,986,9183,,Israel-Palestine,West Bank,TechForPalestine
2025-09-18,,,,,,,986,9183,,Israel-Palestine,West Bank,TechForPalestine
2025-09-19,,,,,,,986,9183,,Israel-Palestine,West Bank,TechForPalestine
2025-09-20,,,,,,,986,9183,,Israel-Palestine,West Bank,TechForPalestine
2025-09-21,,,,,,,986,9183,,Israel-Palestine,West Bank,TechForPalestine
2025-09-22,,,,,,,988,9238,,Israel-Palestine,West Bank,TechForPalestine
2025-09-23,,,,,,,988,9238,,Israel-Palestine,West Bank,TechForPalestine
2025-09-24,,,,,,,988,9238,,Israel-Palestine,West Bank,TechForPalestine
2025-09-25,,,,,,,988,9238,,Israel-Palestine,West Bank,TechForPalestine
2025-09-26,,,,,,,988,9238,,Israel-Palestine,West Bank,TechForPalestine
2025-09-27,,,,,,,988,9238,,Israel-Palestine,West Bank,TechForPalestine
2025-09-28,,,,,,,988,9238,,Israel-Palestine,West Bank,TechForPalestine
2025-09-29,,,,,,,992,9284,,Israel-Palestine,West Bank,TechForPalestine
2025-09-30,,,,,,,992,9284,,Israel-Palestine,West Bank,TechForPalestine
2025-10-01,,,,,,,992,9284,,Israel-Palestine,West Bank,TechForPalestine
2025-10-02,,,,,,,992,9284,,Israel-Palestine,West Bank,TechForPalestine
2025-10-03,,,,,,,992,9284,,Israel-Palestine,West Bank,TechForPalestine
2025-10-04,,,,,,,992,9284,,Israel-Palestine,West Bank,TechForPalestine
2025-10-05,,,,,,,992,9284,,Israel-Palestine,West Bank,TechForPalestine
2025-10-06,,,,,,,994,9322,,Israel-Palestine,West Bank,TechForPalestine
2025-10-07,,,,,,,994,9322,,Israel-Palestine,West Bank,TechForPalestine
2025-10-08,,,,,,,994,9322,,Israel-Palestine,West Bank,TechForPalestine
2025-10-09,,,,,,,994,9322,,Israel-Palestine,West Bank,TechForPalestine
2025-10-10,,,,,,,994,9322,,Israel-Palestine,West Bank,TechForPalestine
2025-10-11,,,,,,,994,9322,,Israel-Palestine,West Bank,TechForPalestine
2025-10-12,,,,,,,994,9322,,Israel-Palestine,West Bank,TechForPalestine
2025-10-13,,,,,,,996,9478,,Israel-Palestine,West Bank,TechForPalestine
2025-10-14,,,,,,,996,9478,,Israel-Palestine,West Bank,TechForPalestine
2025-10-15,,,,,,,996,9478,,Israel-Palestine,West Bank,TechForPalestine
2025-10-16,,,,,,,996,9478,,Israel-Palestine,West Bank,TechForPalestine
2025-10-17,,,,,,,996,9478,,Israel-Palestine,West Bank,TechForPalestine
2025-10-18,,,,,,,996,9478,,Israel-Palestine,West Bank,TechForPalestine
2025-10-19,,,,,,,996,9478,,Israel-Palestine,West Bank,TechForPalestine
2025-10-20,,,,,,,999,9559,,Israel-Palestine,West Bank,TechForPalestine
2025-10-21,,,,,,,999,9559,,Israel-Palestine,West Bank,TechForPalestine
2025-10-22,,,,,,,999,9559,,Israel-Palestine,West Bank,TechForPalestine
2025-10-23,,,,,,,999,9559,,Israel-Palestine,West Bank,TechForPalestine
2025-10-24,,,,,,,999,9559,,Israel-Palestine,West Bank,TechForPalestine
2025-10-25,,,,,,,999,9559,,Israel-Palestine,West Bank,TechForPalestine
2025-10-26,,,,,,,999,9559,,Israel-Palestine,West Bank,TechForPalestine
2025-10-27,,,,,,,1001,9611,,Israel-Palestine,West Bank,TechForPalestine
2025-10-28,,,,,,,1001,9611,,Israel-Palestine,West Bank,TechForPalestine
2025-10-29,,,,,,,1001,9611,,Israel-Palestine,West Bank,TechForPalestine
2025-10-30,,,,,,,1001,9611,,Israel-Palestine,West Bank,TechForPalestine
2025-10-31,,,,,,,1001,9611,,Israel-Palestine,West Bank,TechForPalestine
2025-11-01,,,,,,,1001,9611,,Israel-Palestine,West Bank,TechForPalestine
2025-11-02,,,,,,,1001,9611,,Israel-Palestine,West Bank,TechForPalestine
2025-11-03,,,,,,,1007,9629,,Israel-Palestine,West Bank,TechForPalestine
2025-11-04,,,,,,,1007,9629,,Israel-Palestine,West Bank,TechForPalestine
2025-11-05,,,,,,,1007,9629,,Israel-Palestine,West Bank,TechForPalestine
2025-11-06,,,,,,,1007,9629,,Israel-Palestine,West Bank,TechForPalestine
2025-11-07,,,,,,,1007,9629,,Israel-Palestine,West Bank,TechForPalestine
2025-11-08,,,,,,,1007,9629,,Israel-Palestine,West Bank,TechForPalestine
2025-11-09,,,,,,,1007,9629,,Israel-Palestine,West Bank,TechForPalestine
2025-11-10,,,,,,,1011,9674,,Israel-Palestine,West Bank,TechForPalestine
2025-11-11,,,,,,,1011,9674,,Israel-Palestine,West Bank,TechForPalestine
2025-11-12,,,,,,,1011,9674,,Israel-Palestine,West Bank,TechForPalestine
2025-11-13,,,,,,,1011,9674,,Israel-Palestine,West Bank,TechForPalestine
2025-11-14,,,,,,,1011,9674,,Israel-Palestine,West Bank,TechForPalestine
2025-11-15,,,,,,,1011,9674,,Israel-Palestine,West Bank,TechForPalestine
2025-11-16,,,,,,,1011,9674,,Israel-Palestine,West Bank,TechForPalestine
2025-11-17,,,,,,,1015,9695,,Israel-Palestine,West Bank,TechForPalestine
2025-11-18,,,,,,,1015,9695,,Israel-Palestine,West Bank,TechForPalestine
2025-11-19,,,,,,,1015,9695,,Israel-Palestine,West Bank,TechForPalestine
2025-11-20,,,,,,,1015,9695,,Israel-Palestine,West Bank,TechForPalestine
2025-11-21,,,,,,,1015,9695,,Israel-Palestine,West Bank,TechForPalestine
2025-11-22,,,,,,,1015,9695,,Israel-Palestine,West Bank,TechForPalestine
2025-11-23,,,,,,,1015,9695,,Israel-Palestine,West Bank,TechForPalestine
2025-11-24,,,,,,,1023,9756,,Israel-Palestine,West Bank,TechForPalestine
2025-11-25,,,,,,,1023,9756,,Israel-Palestine,West Bank,TechForPalestine
2025-11-26,,,,,,,1023,9756,,Israel-Palestine,West Bank,TechForPalestine
2025-11-27,,,,,,,1023,9756,,Israel-Palestine,West Bank,TechForPalestine
2025-11-28,,,,,,,1023,9756,,Israel-Palestine,West Bank,TechForPalestine
2025-11-29,,,,,,,1023,9756,,Israel-Palestine,West Bank,TechForPalestine
2025-11-30,,,,,,,1023,9756,,Israel-Palestine,West Bank,TechForPalestine
2025-12-01,,,,,,,1027,9968,,Israel-Palestine,West Bank,TechForPalestine
2025-12-02,,,,,,,1027,9968,,Israel-Palestine,West Bank,TechForPalestine
2025-12-03,,,,,,,1027,9968,,Israel-Palestine,West Bank,TechForPalestine
2025-12-04,,,,,,,1027,9968,,Israel-Palestine,West Bank,TechForPalestine
2025-12-05,,,,,,,1027,9968,,Israel-Palestine,West Bank,TechForPalestine
2025-12-06,,,,,,,1027,9968,,Israel-Palestine,West Bank,TechForPalestine
2025-12-07,,,,,,,1027,9968,,Israel-Palestine,West Bank,TechForPalestine
2025-12-08,,,,,,,1033,10010,,Israel-Palestine,West Bank,TechForPalestine
2025-12-09,,,,,,,1033,10010,,Israel-Palestine,West Bank,TechForPalestine
2025-12-10,,,,,,,1033,10010,,Israel-Palestine,West Bank,TechForPalestine
2025-12-11,,,,,,,1033,10010,,Israel-Palestine,West Bank,TechForPalestine
2025-12-12,,,,,,,1033,10010,,Israel-Palestine,West Bank,TechForPalestine
2025-12-13,,,,,,,1033,10010,,Israel-Palestine,West Bank,TechForPalestine
2025-12-14,,,,,,,1033,10010,,Israel-Palestine,West Bank,TechForPalestine
2025-12-15,,,,,,,1033,10010,,Israel-Palestine,West Bank,TechForPalestine
2025-12-16,,,,,,,1033,10010,,Israel-Palestine,West Bank,TechForPalestine
2025-12-17,,,,,,,1033,10010,,Israel-Palestine,West Bank,TechForPalestine
2025-12-18,,,,,,,1033,10010,,Israel-Palestine,West Bank,TechForPalestine
2025-12-19,,,,,,,1033,10010,,Israel-Palestine,West Bank,TechForPalestine
2025-12-20,,,,,,,1033,10010,,Israel-Palestine,West Bank,TechForPalestine
2025-12-21,,,,,,,1033,10010,,Israel-Palestine,West Bank,TechForPalestine
2025-12-22,,,,,,,1039,10067,,Israel-Palestine,West Bank,TechForPalestine
2025-12-23,,,,,,,1039,10067,,Israel-Palestine,West Bank,TechForPalestine
2025-12-24,,,,,,,1039,10067,,Israel-Palestine,West Bank,TechForPalestine
2025-12-25,,,,,,,1039,10067,,Israel-Palestine,West Bank,TechForPalestine
2025-12-26,,,,,,,1039,10067,,Israel-Palestine,West Bank,TechForPalestine
2025-12-27,,,,,,,1039,10067,,Israel-Palestine,West Bank,TechForPalestine
2025-12-28,,,,,,,1039,10067,,Israel-Palestine,West Bank,TechForPalestine
2025-12-29,,,,,,,1039,10067,,Israel-Palestine,West Bank,TechForPalestine
2025-12-30,,,,,,,1039,10067,,Israel-Palestine,West Bank,TechForPalestine
2025-12-31,,,,,,,1039,10067,,Israel-Palestine,West Bank,TechForPalestine
2026-01-01,,,,,,,1039,10067,,Israel-Palestine,West Bank,TechForPalestine
2026-01-02,,,,,,,1039,10067,,Israel-Palestine,West Bank,TechForPalestine
2026-01-03,,,,,,,1039,10067,,Israel-Palestine,West Bank,TechForPalestine
2026-01-04,,,,,,,1039,10067,,Israel-Palestine,West Bank,TechForPalestine
2026-01-05,,,,,,,1042,10160,,Israel-Palestine,West Bank,TechForPalestine
2026-01-06,,,,,,,1042,10160,,Israel-Palestine,West Bank,TechForPalestine
2026-01-07,,,,,,,1042,10160,,Israel-Palestine,West Bank,TechForPalestine
2026-01-08,,,,,,,1042,10160,,Israel-Palestine,West Bank,TechForPalestine
2026-01-09,,,,,,,1042,10160,,Israel-Palestine,West Bank,TechForPalestine
2026-01-10,,,,,,,1042,10160,,Israel-Palestine,West Bank,TechForPalestine
2026-01-11,,,,,,,1042,10160,,Israel-Palestine,West Bank,TechForPalestine
2026-01-12,,,,,,,1042,10160,,Israel-Palestine,West Bank,TechForPalestine
2026-01-13,,,,,,,1042,10160,,Israel-Palestine,West Bank,TechForPalestine
2026-01-14,,,,,,,1042,10160,,Israel-Palestine,West Bank,TechForPalestine
2026-01-15,,,,,,,1042,10160,,Israel-Palestine,West Bank,TechForPalestine
2026-01-16,,,,,,,1042,10160,,Israel-Palestine,West Bank,TechForPalestine
2026-01-17,,,,,,,1042,10160,,Israel-Palestine,West Bank,TechForPalestine
2026-01-18,,,,,,,1042,10160,,Israel-Palestine,West Bank,TechForPalestine
2026-01-19,,,,,,,1044,10247,,Israel-Palestine,West Bank,TechForPalestine
2026-01-20,,,,,,,1044,10247,,Israel-Palestine,West Bank,TechForPalestine
2026-01-21,,,,,,,1044,10247,,Israel-Palestine,West Bank,TechForPalestine
2026-01-22,,,,,,,1044,10247,,Israel-Palestine,West Bank,TechForPalestine
2026-01-23,,,,,,,1044,10247,,Israel-Palestine,West Bank,TechForPalestine
2026-01-24,,,,,,,1044,10247,,Israel-Palestine,West Bank,TechForPalestine
2026-01-25,,,,,,,1044,10247,,Israel-Palestine,West Bank,TechForPalestine
2026-01-26,,,,,,,1044,10247,,Israel-Palestine,West Bank,TechForPalestine
2026-01-27,,,,,,,1044,10247,,Israel-Palestine,West Bank,TechForPalestine
2026-01-28,,,,,,,1044,10247,,Israel-Palestine,West Bank,TechForPalestine
2026-01-29,,,,,,,1044,10247,,Israel-Palestine,West Bank,TechForPalestine
2026-01-30,,,,,,,1044,10247,,Israel-Palestine,West Bank,TechForPalestine
2026-01-31,,,,,,,1044,10247,,Israel-Palestine,West Bank,TechForPalestine
2026-02-01,,,,,,,1044,10247,,Israel-Palestine,West Bank,TechForPalestine
2026-02-02,,,,,,,1047,10358,,Israel-Palestine,West Bank,TechForPalestine
2026-02-03,,,,,,,1047,10358,,Israel-Palestine,West Bank,TechForPalestine
2026-02-04,,,,,,,1047,10358,,Israel-Palestine,West Bank,TechForPalestine
2026-02-05,,,,,,,1047,10358,,Israel-Palestine,West Bank,TechForPalestine
2026-02-06,,,,,,,1047,10358,,Israel-Palestine,West Bank,TechForPalestine
2026-02-07,,,,,,,1047,10358,,Israel-Palestine,West Bank,TechForPalestine
2026-02-08,,,,,,,1047,10358,,Israel-Palestine,West Bank,TechForPalestine
2026-02-09,,,,,,,1047,10358,,Israel-Palestine,West Bank,TechForPalestine
2026-02-10,,,,,,,1047,10358,,Israel-Palestine,West Bank,TechForPalestine
2026-02-11,,,,,,,1047,10358,,Israel-Palestine,West Bank,TechForPalestine
2026-02-12,,,,,,,1047,10358,,Israel-Palestine,West Bank,TechForPalestine
2026-02-13,,,,,,,1047,10358,,Israel-Palestine,West Bank,TechForPalestine
2026-02-14,,,,,,,1047,10358,,Israel-Palestine,West Bank,TechForPalestine
2026-02-15,,,,,,,1047,10358,,Israel-Palestine,West Bank,TechForPalestine
2026-02-16,,,,,,,1050,10495,,Israel-Palestine,West Bank,TechForPalestine
2026-02-17,,,,,,,1050,10495,,Israel-Palestine,West Bank,TechForPalestine
2026-02-18,,,,,,,1050,10495,,Israel-Palestine,West Bank,TechForPalestine
2026-02-19,,,,,,,1050,10495,,Israel-Palestine,West Bank,TechForPalestine
2026-02-20,,,,,,,1050,10495,,Israel-Palestine,West Bank,TechForPalestine
2026-02-21,,,,,,,1050,10495,,Israel-Palestine,West Bank,TechForPalestine
2026-02-22,,,,,,,1050,10495,,Israel-Palestine,West Bank,TechForPalestine
2026-02-23,,,,,,,1050,10495,,Israel-Palestine,West Bank,TechForPalestine
2026-02-24,,,,,,,1050,10495,,Israel-Palestine,West Bank,TechForPalestine
2026-02-25,,,,,,,1050,10495,,Israel-Palestine,West Bank,TechForPalestine
2026-02-26,,,,,,,1050,10495,,Israel-Palestine,West Bank,TechForPalestine
2026-02-27,,,,,,,1050,10495,,Israel-Palestine,West Bank,TechForPalestine
2026-02-28,,,,,,,1050,10495,,Israel-Palestine,West Bank,TechForPalestine
2026-03-01,,,,,,,1050,10495,,Israel-Palestine,West Bank,TechForPalestine
2026-03-02,,,,,,,1050,10495,,Israel-Palestine,West Bank,TechForPalestine
2026-03-03,,,,,,,1050,10495,,Israel-Palestine,West Bank,TechForPalestine
2026-03-04,,,,,,,1050,10495,,Israel-Palestine,West Bank,TechForPalestine
2026-03-05,,,,,,,1050,10495,,Israel-Palestine,West Bank,TechForPalestine
2026-03-06,,,,,,,1050,10495,,Israel-Palestine,West Bank,TechForPalestine
2026-03-07,,,,,,,1050,10495,,Israel-Palestine,West Bank,TechForPalestine
2026-03-08,,,,,,,1050,10495,,Israel-Palestine,West Bank,TechForPalestine
2026-03-09,,,,,,,1050,10495,,Israel-Palestine,West Bank,TechForPalestine
2026-03-10,,,,,,,1050,10495,,Israel-Palestine,West Bank,TechForPalestine
2026-03-11,,,,,,,1050,10495,,Israel-Palestine,West Bank,TechForPalestine
2026-03-12,,,,,,,1050,10495,,Israel-Palestine,West Bank,TechForPalestine
2026-03-13,,,,,,,1050,10495,,Israel-Palestine,West Bank,TechForPalestine
2026-03-14,,,,,,,1050,10495,,Israel-Palestine,West Bank,TechForPalestine
2026-03-15,,,,,,,1050,10495,,Israel-Palestine,West Bank,TechForPalestine
2026-03-16,,,,,,,1058,10529,,Israel-Palestine,West Bank,TechForPalestine
2026-03-17,,,,,,,1058,10529,,Israel-Palestine,West Bank,TechForPalestine
2026-03-18,,,,,,,1058,10529,,Israel-Palestine,West Bank,TechForPalestine
2026-03-19,,,,,,,1058,10529,,Israel-Palestine,West Bank,TechForPalestine
2026-03-20,,,,,,,1058,10529,,Israel-Palestine,West Bank,TechForPalestine
2026-03-21,,,,,,,1058,10529,,Israel-Palestine,West Bank,TechForPalestine
2026-03-22,,,,,,,1058,10529,,Israel-Palestine,West Bank,TechForPalestine
2026-03-23,,,,,,,1058,10576,,Israel-Palestine,West Bank,TechForPalestine
2026-03-24,,,,,,,1058,10576,,Israel-Palestine,West Bank,TechForPalestine
2026-03-25,,,,,,,1058,10576,,Israel-Palestine,West Bank,TechForPalestine
2026-03-26,,,,,,,1058,10576,,Israel-Palestine,West Bank,TechForPalestine
2026-03-27,,,,,,,1058,10576,,Israel-Palestine,West Bank,TechForPalestine
2026-03-28,,,,,,,1058,10576,,Israel-Palestine,West Bank,TechForPalestine
2026-03-29,,,,,,,1058,10576,,Israel-Palestine,West Bank,TechForPalestine
2026-03-30,,,,,,,1065,10652,,Israel-Palestine,West Bank,TechForPalestine
2026-03-31,,,,,,,1065,10652,,Israel-Palestine,West Bank,TechForPalestine
2026-04-01,,,,,,,1065,10652,,Israel-Palestine,West Bank,TechForPalestine
2026-04-02,,,,,,,1065,10652,,Israel-Palestine,West Bank,TechForPalestine
2026-04-03,,,,,,,1065,10652,,Israel-Palestine,West Bank,TechForPalestine
2026-04-04,,,,,,,1065,10652,,Israel-Palestine,West Bank,TechForPalestine
2026-04-05,,,,,,,1065,10652,,Israel-Palestine,West Bank,TechForPalestine
2026-04-06,,,,,,,1065,10702,,Israel-Palestine,West Bank,TechForPalestine
2026-04-07,,,,,,,1065,10702,,Israel-Palestine,West Bank,TechForPalestine
2026-04-08,,,,,,,1065,10702,,Israel-Palestine,West Bank,TechForPalestine
2026-04-09,,,,,,,1065,10702,,Israel-Palestine,West Bank,TechForPalestine
2026-04-10,,,,,,,1065,10702,,Israel-Palestine,West Bank,TechForPalestine
2026-04-11,,,,,,,1065,10702,,Israel-Palestine,West Bank,TechForPalestine
2026-04-12,,,,,,,1065,10702,,Israel-Palestine,West Bank,TechForPalestine
2026-04-13,,,,,,,1068,10750,,Israel-Palestine,West Bank,TechForPalestine
2026-04-14,,,,,,,1068,10750,,Israel-Palestine,West Bank,TechForPalestine
2026-04-15,,,,,,,1068,10750,,Israel-Palestine,West Bank,TechForPalestine
2026-04-16,,,,,,,1068,10750,,Israel-Palestine,West Bank,TechForPalestine
2026-04-17,,,,,,,1068,10750,,Israel-Palestine,West Bank,TechForPalestine
2026-04-18,,,,,,,1068,10750,,Israel-Palestine,West Bank,TechForPalestine
2026-04-19,,,,,,,1068,10750,,Israel-Palestine,West Bank,TechForPalestine
2026-04-20,,,,,,,1070,10805,,Israel-Palestine,West Bank,TechForPalestine
2026-04-21,,,,,,,1070,10805,,Israel-Palestine,West Bank,TechForPalestine
2026-04-22,,,,,,,1070,10805,,Israel-Palestine,West Bank,TechForPalestine
2026-04-23,,,,,,,1070,10805,,Israel-Palestine,West Bank,TechForPalestine
2026-04-24,,,,,,,1070,10805,,Israel-Palestine,West Bank,TechForPalestine
2026-04-25,,,,,,,1070,10805,,Israel-Palestine,West Bank,TechForPalestine
2026-04-26,,,,,,,1070,10805,,Israel-Palestine,West Bank,TechForPalestine
2026-04-27,,,,,,,1073,10862,,Israel-Palestine,West Bank,TechForPalestine
2026-04-28,,,,,,,1073,10862,,Israel-Palestine,West Bank,TechForPalestine
2026-04-29,,,,,,,1073,10862,,Israel-Palestine,West Bank,TechForPalestine
2026-04-30,,,,,,,1073,10862,,Israel-Palestine,West Bank,TechForPalestine
2026-05-01,,,,,,,1073,10862,,Israel-Palestine,West Bank,TechForPalestine
2026-05-02,,,,,,,1073,10862,,Israel-Palestine,West Bank,TechForPalestine
2026-05-03,,,,,,,1073,10862,,Israel-Palestine,West Bank,TechForPalestine
2026-05-04,,,,,,,1076,10932,,Israel-Palestine,West Bank,TechForPalestine
2026-05-05,,,,,,,1076,10932,,Israel-Palestine,West Bank,TechForPalestine
2026-05-06,,,,,,,1076,10932,,Israel-Palestine,West Bank,TechForPalestine
2026-05-07,,,,,,,1076,10932,,Israel-Palestine,West Bank,TechForPalestine
2026-05-08,,,,,,,1076,10932,,Israel-Palestine,West Bank,TechForPalestine
2026-05-09,,,,,,,1076,10932,,Israel-Palestine,West Bank,TechForPalestine
2026-05-10,,,,,,,1076,10932,,Israel-Palestine,West Bank,TechForPalestine
2026-05-11,,,,,,,1078,11002,,Israel-Palestine,West Bank,TechForPalestine
2026-05-12,,,,,,,1078,11002,,Israel-Palestine,West Bank,TechForPalestine
2026-05-13,,,,,,,1078,11002,,Israel-Palestine,West Bank,TechForPalestine
2026-05-14,,,,,,,1078,11002,,Israel-Palestine,West Bank,TechForPalestine
2026-05-15,,,,,,,1078,11002,,Israel-Palestine,West Bank,TechForPalestine
2026-05-16,,,,,,,1078,11002,,Israel-Palestine,West Bank,TechForPalestine
2026-05-17,,,,,,,1078,11002,,Israel-Palestine,West Bank,TechForPalestine
2026-05-18,,,,,,,1083,11062,,Israel-Palestine,West Bank,TechForPalestine
2026-05-19,,,,,,,1083,11062,,Israel-Palestine,West Bank,TechForPalestine
2026-05-20,,,,,,,1083,11062,,Israel-Palestine,West Bank,TechForPalestine
2026-05-21,,,,,,,1083,11062,,Israel-Palestine,West Bank,TechForPalestine
2026-05-22,,,,,,,1083,11062,,Israel-Palestine,West Bank,TechForPalestine
2026-05-23,,,,,,,1083,11062,,Israel-Palestine,West Bank,TechForPalestine
2026-05-24,,,,,,,1083,11062,,Israel-Palestine,West Bank,TechForPalestine
2026-05-25,,,,,,,1083,11062,,Israel-Palestine,West Bank,TechForPalestine
2026-05-26,,,,,,,1083,11062,,Israel-Palestine,West Bank,TechForPalestine
2026-05-27,,,,,,,1083,11062,,Israel-Palestine,West Bank,TechForPalestine
2026-05-28,,,,,,,1083,11062,,Israel-Palestine,West Bank,TechForPalestine
2026-05-29,,,,,,,1083,11062,,Israel-Palestine,West Bank,TechForPalestine
2026-05-30,,,,,,,1083,11062,,Israel-Palestine,West Bank,TechForPalestine
2026-05-31,,,,,,,1083,11062,,Israel-Palestine,West Bank,TechForPalestine
2026-06-01,,,,,,,1086,11132,,Israel-Palestine,West Bank,TechForPalestine
2026-06-02,,,,,,,1086,11132,,Israel-Palestine,West Bank,TechForPalestine
2026-06-03,,,,,,,1086,11132,,Israel-Palestine,West Bank,TechForPalestine
2026-06-04,,,,,,,1086,11132,,Israel-Palestine,West Bank,TechForPalestine
2026-06-05,,,,,,,1086,11132,,Israel-Palestine,West Bank,TechForPalestine
2026-06-06,,,,,,,1086,11132,,Israel-Palestine,West Bank,TechForPalestine
2026-06-07,,,,,,,1086,11132,,Israel-Palestine,West Bank,TechForPalestine
2026-06-08,,,,,,,1088,11180,,Israel-Palestine,West Bank,TechForPalestine
2026-06-09,,,,,,,1088,11180,,Israel-Palestine,West Bank,TechForPalestine
2026-06-10,,,,,,,1088,11180,,Israel-Palestine,West Bank,TechForPalestine
2026-06-11,,,,,,,1088,11180,,Israel-Palestine,West Bank,TechForPalestine
2026-06-12,,,,,,,1088,11180,,Israel-Palestine,West Bank,TechForPalestine
2026-06-13,,,,,,,1088,11180,,Israel-Palestine,West Bank,TechForPalestine
2026-06-14,,,,,,,1088,11180,,Israel-Palestine,West Bank,TechForPalestine
2026-06-15,,,,,,,1088,11200,,Israel-Palestine,West Bank,TechForPalestine
2026-06-16,,,,,,,1088,11200,,Israel-Palestine,West Bank,TechForPalestine
2026-06-17,,,,,,,1088,11200,,Israel-Palestine,West Bank,TechForPalestine
2026-06-18,,,,,,,1088,11200,,Israel-Palestine,West Bank,TechForPalestine
2026-06-19,,,,,,,1088,11200,,Israel-Palestine,West Bank,TechForPalestine
2026-06-20,,,,,,,1088,11200,,Israel-Palestine,West Bank,TechForPalestine
2026-06-21,,,,,,,1088,11200,,Israel-Palestine,West Bank,TechForPalestine
2026-06-22,,,,,,,1090,11223,,Israel-Palestine,West Bank,TechForPalestine
2026-06-23,,,,,,,1090,11223,,Israel-Palestine,West Bank,TechForPalestine
2026-06-24,,,,,,,1090,11223,,Israel-Palestine,West Bank,TechForPalestine
2026-06-25,,,,,,,1090,11223,,Israel-Palestine,West Bank,TechForPalestine
2026-06-26,,,,,,,1090,11223,,Israel-Palestine,West Bank,TechForPalestine
2026-06-27,,,,,,,1090,11223,,Israel-Palestine,West Bank,TechForPalestine
2026-06-28,,,,,,,1090,11223,,Israel-Palestine,West Bank,TechForPalestine
2026-06-29,,,,,,,1094,11243,,Israel-Palestine,West Bank,TechForPalestine
2026-06-30,,,,,,,1094,11243,,Israel-Palestine,West Bank,TechForPalestine
2026-07-01,,,,,,,1094,11243,,Israel-Palestine,West Bank,TechForPalestine
2026-07-02,,,,,,,1094,11243,,Israel-Palestine,West Bank,TechForPalestine
2026-07-03,,,,,,,1094,11243,,Israel-Palestine,West Bank,TechForPalestine
2026-07-04,,,,,,,1094,11243,,Israel-Palestine,West Bank,TechForPalestine
2026-07-05,,,,,,,1094,11243,,Israel-Palestine,West Bank,TechForPalestine
2026-07-06,,,,,,,1096,11282,,Israel-Palestine,West Bank,TechForPalestine
2026-07-07,,,,,,,1096,11282,,Israel-Palestine,West Bank,TechForPalestine
2026-07-08,,,,,,,1096,11282,,Israel-Palestine,West Bank,TechForPalestine
2026-07-09,,,,,,,1096,11282,,Israel-Palestine,West Bank,TechForPalestine
2026-07-10,,,,,,,1096,11282,,Israel-Palestine,West Bank,TechForPalestine
2026-07-11,,,,,,,1096,11282,,Israel-Palestine,West Bank,TechForPalestine
2026-07-12,,,,,,,1096,11282,,Israel-Palestine,West Bank,TechForPalestine
2026-07-13,,,,,,,1097,11347,,Israel-Palestine,West Bank,TechForPalestine
2026-07-14,,,,,,,1097,11347,,Israel-Palestine,West Bank,TechForPalestine
2026-07-15,,,,,,,1097,11347,,Israel-Palestine,West Bank,TechForPalestine
2026-07-16,,,,,,,1097,11347,,Israel-Palestine,West Bank,TechForPalestine
2026-07-17,,,,,,,1097,11347,,Israel-Palestine,West Bank,TechForPalestine
2026-07-18,,,,,,,1097,11347,,Israel-Palestine,West Bank,TechForPalestine
2026-07-19,,,,,,,1097,11347,,Israel-Palestine,West Bank,TechForPalestine
2026-07-20,,,,,,,1100,11383,,Israel-Palestine,West Bank,TechForPalestine
2026-07-21,,,,,,,1100,11383,,Israel-Palestine,West Bank,TechForPalestine
2026-07-22,,,,,,,1100,11383,,Israel-Palestine,West Bank,TechForPalestine
2026-07-23,,,,,,,1100,11383,,Israel-Palestine,West Bank,TechForPalestine
2026-07-24,,,,,,,1100,11383,,Israel-Palestine,West Bank,TechForPalestine
2026-07-25,,,,,,,1100,11383,,Israel-Palestine,West Bank,TechForPalestine
2026-07-26,,,,,,,1100,11383,,Israel-Palestine,West Bank,TechForPalestine
2026-07-27,,,,,,,1108,11399,,Israel-Palestine,West Bank,TechForPalestine
2026-07-28,,,,,,,1108,11399,,Israel-Palestine,West Bank,TechForPalestine
2026-07-29,,,,,,,1108,11399,,Israel-Palestine,West Bank,TechForPalestine
2026-07-30,,,,,,,1108,11399,,Israel-Palestine,West Bank,TechForPalestine
2026-07-31,,,,,,,1108,11399,,Israel-Palestine,West Bank,TechForPalestine
2026-08-01,,,,,,,1108,11399,,Israel-Palestine,West Bank,TechForPalestine
2026-08-02,,,,,,,1108,11399,,Israel-Palestine,West Bank,TechForPalestine
2026-08-03,,,,,,,1108,11436,,Israel-Palestine,West Bank,TechForPalestine
2026-08-04,,,,,,,1108,11436,,Israel-Palestine,West Bank,TechForPalestine
2026-08-05,,,,,,,1108,11436,,Israel-Palestine,West Bank,TechForPalestine
2026-08-06,,,,,,,1108,11436,,Israel-Palestine,West Bank,TechForPalestine
2026-08-07,,,,,,,1108,11436,,Israel-Palestine,West Bank,TechForPalestine
2026-08-08,,,,,,,1108,11436,,Israel-Palestine,West Bank,TechForPalestine
2026-08-09,,,,,,,1108,11436,,Israel-Palestine,West Bank,TechForPalestine
2026-08-10,,,,,,,1108,11525,,Israel-Palestine,West Bank,TechForPalestine
2026-08-11,,,,,,,1108,11525,,Israel-Palestine,West Bank,TechForPalestine
2026-08-12,,,,,,,1108,11525,,Israel-Palestine,West Bank,TechForPalestine
2026-08-13,,,,,,,1108,11525,,Israel-Palestine,West Bank,TechForPalestine
2026-08-14,,,,,,,1108,11525,,Israel-Palestine,West Bank,TechForPalestine
2026-08-15,,,,,,,1108,11525,,Israel-Palestine,West Bank,TechForPalestine
2026-08-16,,,,,,,1108,11525,,Israel-Palestine,West Bank,TechForPalestine
2026-08-17,,,,,,,1108,11525,,Israel-Palestine,West Bank,TechForPalestine
2026-08-18,,,,,,,1108,11525,,Israel-Palestine,West Bank,TechForPalestine
2026-08-19,,,,,,,1108,11525,,Israel-Palestine,West Bank,TechForPalestine
2026-08-20,,,,,,,1108,11525,,Israel-Palestine,West Bank,TechForPalestine
2026-08-21,,,,,,,1108,11525,,Israel-Palestine,West Bank,TechForPalestine
2026-08-22,,,,,,,1108,11525,,Israel-Palestine,West Bank,TechForPalestine
2026-08-23,,,,,,,1108,11525,,Israel-Palestine,West Bank,TechForPalestine
2026-08-24,,,,,,,1114,11625,,Israel-Palestine,West Bank,TechForPalestine
2026-08-25,,,,,,,1114,11625,,Israel-Palestine,West Bank,TechForPalestine
2026-08-26,,,,,,,1114,11625,,Israel-Palestine,West Bank,TechForPalestine
2026-08-27,,,,,,,1114,11625,,Israel-Palestine,West Bank,TechForPalestine
2026-08-28,,,,,,,1114,11625,,Israel-Palestine,West Bank,TechForPalestine
2026-08-29,,,,,,,1114,11625,,Israel-Palestine,West Bank,TechForPalestine
2026-08-30,,,,,,,1114,11625,,Israel-Palestine,West Bank,TechForPalestine
2026-08-31,,,,,,,1117,11695,,Israel-Palestine,West Bank,TechForPalestine
2026-09-01,,,,,,,1117,11695,,Israel-Palestine,West Bank,TechForPalestine
2026-09-02,,,,,,,1117,11695,,Israel-Palestine,West Bank,TechForPalestine
2026-09-03,,,,,,,1117,11695,,Israel-Palestine,West Bank,TechForPalestine
2026-09-04,,,,,,,1117,11695,,Israel-Palestine,West Bank,TechForPalestine
2026-09-05,,,,,,,1117,11695,,Israel-Palestine,West Bank,TechForPalestine
2026-09-06,,,,,,,1117,11695,,Israel-Palestine,West Bank,TechForPalestine
2026-09-07,,,,,,,1123,11726,,Israel-Palestine,West Bank,TechForPalestine
2026-09-08,,,,,,,1123,11726,,Israel-Palestine,West Bank,TechForPalestine
2026-09-09,,,,,,,1123,11726,,Israel-Palestine,West Bank,TechForPalestine
2026-09-10,,,,,,,1123,11726,,Israel-Palestine,West Bank,TechForPalestine
2026-09-11,,,,,,,1123,11726,,Israel-Palestine,West Bank,TechForPalestine
2026-09-12,,,,,,,1123,11726,,Israel-Palestine,West Bank,TechForPalestine
2026-09-13,,,,,,,1123,11726,,Israel-Palestine,West Bank,TechForPalestine
2026-09-14,,,,,,,1123,11726,,Israel-Palestine,West Bank,TechForPalestine
2026-09-15,,,,,,,1123,11726,,Israel-Palestine,West Bank,TechForPalestine
2026-09-16,,,,,,,1123,11726,,Israel-Palestine,West Bank,TechForPalestine
2026-09-17,,,,,,,1123,11726,,Israel-Palestine,West Bank,TechForPalestine
